Amplitude,1 Back,1 Forward,RR,HR back,HR,HR After,TYPE
-1.15,-0.685,-1.125,0.9722222222222222,170,61,59,0
-1.125,-1.15,-1.085,1.0027777777777778,61,59,62,0
-1.085,-1.125,-1.11,0.9527777777777777,59,62,61,0
-1.11,-1.085,-0.975,0.9777777777777777,62,61,60,0
-0.975,-1.11,-0.995,0.9861111111111112,61,60,60,0
-0.995,-0.975,-0.86,0.9972222222222222,60,60,60,0
-0.86,-0.995,-0.9,0.9972222222222222,60,60,58,0
-0.9,-0.86,-0.915,1.0277777777777777,60,58,58,0
-0.915,-0.9,-0.965,1.0222222222222221,58,58,60,0
-0.965,-0.915,-0.89,1.0,58,60,58,0
-0.89,-0.965,-0.95,1.0333333333333334,60,58,61,0
-0.95,-0.89,-1.105,0.975,58,61,60,0
-1.105,-0.95,-1.02,0.9916666666666667,61,60,58,0
-1.02,-1.105,-0.94,1.0222222222222221,60,58,60,0
-0.94,-1.02,-0.815,0.9888888888888889,58,60,60,0
-0.815,-0.94,-0.865,0.9916666666666667,60,60,59,0
-0.865,-0.815,-0.82,1.011111111111111,60,59,60,0
-0.82,-0.865,-0.99,1.0,59,60,60,0
-0.99,-0.82,-0.995,1.0,60,60,60,0
-0.995,-0.99,-1.055,0.9944444444444445,60,60,60,0
-1.055,-0.995,-1.13,0.9861111111111112,60,60,61,0
-1.13,-1.055,-1.045,0.9722222222222222,60,61,61,0
-1.045,-1.13,-1.035,0.9722222222222222,61,61,61,0
-1.035,-1.045,-1.02,0.9722222222222222,61,61,61,0
-1.02,-1.035,-1.08,0.9805555555555555,61,61,61,0
-1.08,-1.02,-0.98,0.9722222222222222,61,61,62,0
-0.98,-1.08,-0.945,0.9638888888888889,61,62,59,0
-0.945,-0.98,-0.99,1.0055555555555555,62,59,61,0
-0.99,-0.945,-1.075,0.975,59,61,62,0
-1.075,-0.99,-0.985,0.9638888888888889,61,62,59,0
-0.985,-1.075,-1.01,1.011111111111111,62,59,60,0
-1.01,-0.985,-0.985,0.9861111111111112,59,60,60,0
-0.985,-1.01,-1.06,0.9888888888888889,60,60,59,0
-1.06,-0.985,-0.985,1.0055555555555555,60,59,60,0
-0.985,-1.06,-1.03,1.0,59,60,58,0
-1.03,-0.985,-0.9,1.0194444444444444,60,58,57,0
-0.9,-1.03,-0.925,1.038888888888889,58,57,58,0
-0.925,-0.9,-1.015,1.025,57,58,57,0
-1.015,-0.925,-1.085,1.0444444444444445,58,57,57,0
-1.085,-1.015,-1.03,1.038888888888889,57,57,57,0
-1.03,-1.085,-0.995,1.038888888888889,57,57,57,0
-0.995,-1.03,-0.865,1.05,57,57,58,0
-0.865,-0.995,-0.935,1.0277777777777777,57,58,58,0
-0.935,-0.865,-1.11,1.0277777777777777,58,58,57,0
-1.11,-0.935,-0.805,1.05,58,57,59,0
-0.805,-1.11,-0.87,1.0027777777777778,57,59,58,0
-0.87,-0.805,-0.87,1.0194444444444444,59,58,58,0
-0.87,-0.87,-1.095,1.0194444444444444,58,58,60,0
-1.095,-0.87,-0.85,0.9972222222222222,58,60,61,0
-0.85,-1.095,-0.785,0.9722222222222222,60,61,61,0
-0.785,-0.85,-0.8,0.9722222222222222,61,61,62,0
-0.8,-0.785,-0.875,0.9638888888888889,61,62,60,0
-0.875,-0.8,-0.82,0.9972222222222222,62,60,61,0
-0.82,-0.875,-1.06,0.9833333333333333,60,61,61,0
-1.06,-0.82,-1.145,0.9805555555555555,61,61,58,0
-1.145,-1.06,-1.155,1.0222222222222221,61,58,59,0
-1.155,-1.145,-1.04,1.0055555555555555,58,59,58,0
-1.04,-1.155,-1.0,1.0194444444444444,59,58,58,0
-1.0,-1.04,-1.035,1.0305555555555554,58,58,60,0
-1.035,-1.0,-0.92,0.9972222222222222,58,60,58,0
-0.92,-1.035,-0.99,1.0333333333333334,60,58,58,0
-0.99,-0.92,-0.965,1.0222222222222221,58,58,60,0
-0.965,-0.99,-1.085,0.9916666666666667,58,60,59,0
-1.085,-0.965,-1.07,1.011111111111111,60,59,59,0
-1.07,-1.085,-0.95,1.0083333333333333,59,59,60,0
-0.95,-1.07,-0.995,0.9916666666666667,59,60,61,0
-0.995,-0.95,-1.08,0.9805555555555555,60,61,62,0
-1.08,-0.995,-1.04,0.9611111111111111,61,62,62,0
-1.04,-1.08,-1.045,0.9583333333333334,62,62,60,0
-1.045,-1.04,-1.015,0.9944444444444445,62,60,61,0
-1.015,-1.045,-1.07,0.9833333333333333,60,61,61,0
-1.07,-1.015,-1.125,0.9777777777777777,61,61,59,0
-1.125,-1.07,-0.955,1.0166666666666666,61,59,60,0
-0.955,-1.125,-0.96,0.9916666666666667,59,60,61,0
-0.96,-0.955,-0.88,0.9833333333333333,60,61,59,0
-0.88,-0.96,-1.125,1.0166666666666666,61,59,59,0
-1.125,-0.88,-1.055,1.0083333333333333,59,59,59,0
-1.055,-1.125,-1.075,1.0138888888888888,59,59,58,0
-1.075,-1.055,-1.02,1.025,59,58,59,0
-1.02,-1.075,-1.135,1.0055555555555555,58,59,58,0
-1.135,-1.02,-1.05,1.0305555555555554,59,58,57,0
-1.05,-1.135,-1.14,1.038888888888889,58,57,57,0
-1.14,-1.05,-1.145,1.0361111111111112,57,57,58,0
-1.145,-1.14,-1.065,1.025,57,58,57,0
-1.065,-1.145,-1.18,1.0361111111111112,58,57,58,0
-1.18,-1.065,-0.985,1.025,57,58,56,0
-0.985,-1.18,-1.095,1.0555555555555556,58,56,58,0
-1.095,-0.985,-1.18,1.025,56,58,58,0
-1.18,-1.095,-1.085,1.0194444444444444,58,58,57,0
-1.085,-1.18,-1.12,1.0361111111111112,58,57,58,0
-1.12,-1.085,-1.2,1.0333333333333334,57,58,59,0
-1.2,-1.12,-1.18,1.0027777777777778,58,59,60,0
-1.18,-1.2,-1.055,1.0,59,60,58,0
-1.055,-1.18,-0.94,1.0222222222222221,60,58,58,0
-0.94,-1.055,-1.155,1.0277777777777777,58,58,58,0
-1.155,-0.94,-1.19,1.0194444444444444,58,58,59,0
-1.19,-1.155,-1.245,1.0138888888888888,58,59,58,0
-1.245,-1.19,-1.175,1.0333333333333334,59,58,58,0
-1.175,-1.245,-0.93,1.025,58,58,59,0
-0.93,-1.175,-0.99,1.011111111111111,58,59,58,0
-0.99,-0.93,-1.055,1.0222222222222221,59,58,58,0
-1.055,-0.99,-1.235,1.0194444444444444,58,58,58,0
-1.235,-1.055,-0.97,1.0333333333333334,58,58,57,0
-0.97,-1.235,-0.85,1.0472222222222223,58,57,58,0
-0.85,-0.97,-1.185,1.025,57,58,57,0
-1.185,-0.85,-0.965,1.0416666666666667,58,57,58,0
-0.965,-1.185,-1.04,1.0305555555555554,57,58,60,0
-1.04,-0.965,-1.035,0.9972222222222222,58,60,59,0
-1.035,-1.04,-0.965,1.0027777777777778,60,59,61,0
-0.965,-1.035,-1.07,0.9833333333333333,59,61,60,0
-1.07,-0.965,-1.095,0.9888888888888889,61,60,60,0
-1.095,-1.07,-0.99,0.9944444444444445,60,60,62,0
-0.99,-1.095,-0.89,0.9666666666666667,60,62,62,0
-0.89,-0.99,-0.92,0.9666666666666667,62,62,59,0
-0.92,-0.89,-0.895,1.0138888888888888,62,59,60,0
-0.895,-0.92,-0.96,0.9888888888888889,59,60,61,0
-0.96,-0.895,-0.95,0.9694444444444444,60,61,60,0
-0.95,-0.96,-0.87,0.9888888888888889,61,60,62,0
-0.87,-0.95,-0.995,0.9666666666666667,60,62,60,0
-0.995,-0.87,-0.95,0.9861111111111112,62,60,60,0
-0.95,-0.995,-0.805,0.9888888888888889,60,60,60,0
-0.805,-0.95,-0.815,0.9888888888888889,60,60,59,0
-0.815,-0.805,-0.79,1.0027777777777778,60,59,59,0
-0.79,-0.815,-0.87,1.0138888888888888,59,59,59,0
-0.87,-0.79,-1.02,1.0055555555555555,59,59,62,0
-1.02,-0.87,-0.84,0.9666666666666667,59,62,60,0
-0.84,-1.02,-0.755,0.9888888888888889,62,60,61,0
-0.755,-0.84,-0.615,0.9805555555555555,60,61,60,0
-0.615,-0.755,-0.645,0.9861111111111112,61,60,62,0
-0.645,-0.615,-0.81,0.9638888888888889,60,62,62,0
-0.81,-0.645,-0.86,0.9611111111111111,62,62,62,0
-0.86,-0.81,-0.865,0.9583333333333334,62,62,63,0
-0.865,-0.86,-1.03,0.9472222222222222,62,63,64,0
-1.03,-0.865,-0.91,0.9277777777777778,63,64,63,0
-0.91,-1.03,-0.97,0.9444444444444444,64,63,63,0
-0.97,-0.91,-0.87,0.95,63,63,62,0
-0.87,-0.97,-0.915,0.9527777777777777,63,62,61,0
-0.915,-0.87,-0.91,0.9805555555555555,62,61,62,0
-0.91,-0.915,-0.92,0.9611111111111111,61,62,61,0
-0.92,-0.91,-0.97,0.9722222222222222,62,61,61,0
-0.97,-0.92,-1.06,0.9805555555555555,61,61,64,0
-1.06,-0.97,-0.805,0.9361111111111111,61,64,63,0
-0.805,-1.06,-0.88,0.95,64,63,63,0
-0.88,-0.805,-1.02,0.95,63,63,64,0
-1.02,-0.88,-1.25,0.9305555555555556,63,64,66,0
-1.25,-1.02,-1.08,0.9083333333333333,64,66,64,0
-1.08,-1.25,-1.04,0.9361111111111111,66,64,63,0
-1.04,-1.08,-0.925,0.9388888888888889,64,63,62,0
-0.925,-1.04,-1.02,0.9555555555555556,63,62,60,0
-1.02,-0.925,-0.83,1.0,62,60,60,0
-0.83,-1.02,-0.645,0.9944444444444445,60,60,60,0
-0.645,-0.83,-0.625,0.9972222222222222,60,60,58,0
-0.625,-0.645,-0.76,1.0194444444444444,60,58,60,0
-0.76,-0.625,-1.105,0.9944444444444445,58,60,60,0
-1.105,-0.76,-0.98,0.9861111111111112,60,60,59,0
-0.98,-1.105,-0.985,1.0083333333333333,60,59,61,0
-0.985,-0.98,-1.04,0.9722222222222222,59,61,61,0
-1.04,-0.985,-1.19,0.9722222222222222,61,61,61,0
-1.19,-1.04,-0.82,0.9777777777777777,61,61,62,0
-0.82,-1.19,-0.67,0.9666666666666667,61,62,62,0
-0.67,-0.82,-0.915,0.9555555555555556,62,62,62,0
-0.915,-0.67,-0.82,0.9555555555555556,62,62,62,0
-0.82,-0.915,-0.855,0.9666666666666667,62,62,61,0
-0.855,-0.82,-0.965,0.9694444444444444,62,61,61,0
-0.965,-0.855,-1.07,0.9833333333333333,61,61,62,0
-1.07,-0.965,-0.905,0.9555555555555556,61,62,61,0
-0.905,-1.07,-0.86,0.9694444444444444,62,61,61,0
-0.86,-0.905,-0.87,0.9722222222222222,61,61,63,0
-0.87,-0.86,-0.9,0.95,61,63,63,0
-0.9,-0.87,-0.95,0.9472222222222222,63,63,63,0
-0.95,-0.9,-0.76,0.95,63,63,62,0
-0.76,-0.95,-0.885,0.9527777777777777,63,62,62,0
-0.885,-0.76,-1.025,0.9638888888888889,62,62,62,0
-1.025,-0.885,-0.815,0.9555555555555556,62,62,63,0
-0.815,-1.025,-0.425,0.9416666666666667,62,63,63,0
-0.425,-0.815,-0.86,0.9388888888888889,63,63,65,0
-0.86,-0.425,-0.745,0.9222222222222223,63,65,63,0
-0.745,-0.86,-1.09,0.9416666666666667,65,63,66,0
-1.09,-0.745,-1.05,0.9055555555555556,63,66,65,0
-1.05,-1.09,-1.035,0.9166666666666666,66,65,65,0
-1.035,-1.05,-1.205,0.9138888888888889,65,65,64,0
-1.205,-1.035,-1.265,0.925,65,64,63,0
-1.265,-1.205,-1.265,0.9472222222222222,64,63,63,0
-1.265,-1.265,-1.145,0.9444444444444444,63,63,62,0
-1.145,-1.265,-1.125,0.9583333333333334,63,62,62,0
-1.125,-1.145,-1.02,0.9611111111111111,62,62,62,0
-1.02,-1.125,-0.84,0.9638888888888889,62,62,62,0
-0.84,-1.02,-0.975,0.9555555555555556,62,62,63,0
-0.975,-0.84,-1.03,0.9472222222222222,62,63,63,0
-1.03,-0.975,-1.195,0.95,63,63,62,0
-1.195,-1.03,-1.04,0.9638888888888889,63,62,64,0
-1.04,-1.195,-0.86,0.9333333333333333,62,64,64,0
-0.86,-1.04,-0.785,0.9361111111111111,64,64,61,0
-0.785,-0.86,-0.885,0.9777777777777777,64,61,61,0
-0.885,-0.785,-0.99,0.9722222222222222,61,61,63,0
-0.99,-0.885,-1.045,0.9416666666666667,61,63,62,0
-1.045,-0.99,-1.065,0.9638888888888889,63,62,61,0
-1.065,-1.045,-0.99,0.9694444444444444,62,61,60,0
-0.99,-1.065,-1.085,0.9972222222222222,61,60,58,0
-1.085,-0.99,-0.985,1.0222222222222221,60,58,62,0
-0.985,-1.085,-0.955,0.9555555555555556,58,62,60,0
-0.955,-0.985,-0.94,0.9888888888888889,62,60,58,0
-0.94,-0.955,-0.985,1.0305555555555554,60,58,59,0
-0.985,-0.94,-0.935,1.0138888888888888,58,59,59,0
-0.935,-0.985,-0.93,1.0055555555555555,59,59,57,0
-0.93,-0.935,-0.895,1.0416666666666667,59,57,58,0
-0.895,-0.93,-0.83,1.0333333333333334,57,58,57,0
-0.83,-0.895,-0.795,1.0444444444444445,58,57,58,0
-0.795,-0.83,-0.885,1.0222222222222221,57,58,60,0
-0.885,-0.795,-0.825,0.9972222222222222,58,60,57,0
-0.825,-0.885,-0.835,1.0361111111111112,60,57,58,0
-0.835,-0.825,-0.9,1.0222222222222221,57,58,60,0
-0.9,-0.835,-0.745,0.9888888888888889,58,60,59,0
-0.745,-0.9,-0.57,1.0166666666666666,60,59,85,0
-0.57,-0.745,-0.335,0.7,59,85,198,0
-0.335,-0.57,-0.775,0.30277777777777776,85,198,60,5
-0.775,-0.335,-0.8,0.9972222222222222,198,60,59,0
-0.8,-0.775,-0.885,1.0055555555555555,60,59,61,0
-0.885,-0.8,-1.1,0.9694444444444444,59,61,61,0
-1.1,-0.885,-1.01,0.9722222222222222,61,61,60,0
-1.01,-1.1,-0.95,0.9861111111111112,61,60,61,0
-0.95,-1.01,-0.735,0.9694444444444444,60,61,62,0
-0.735,-0.95,-0.815,0.9583333333333334,61,62,61,0
-0.815,-0.735,-0.885,0.9694444444444444,62,61,62,0
-0.885,-0.815,-1.02,0.9611111111111111,61,62,62,0
-1.02,-0.885,-0.85,0.9666666666666667,62,62,61,0
-0.85,-1.02,-0.835,0.975,62,61,62,0
-0.835,-0.85,-0.85,0.9638888888888889,61,62,61,0
-0.85,-0.835,-0.85,0.9722222222222222,62,61,63,0
-0.85,-0.85,-0.99,0.95,61,63,62,0
-0.99,-0.85,-0.825,0.9638888888888889,63,62,63,0
-0.825,-0.99,-0.79,0.95,62,63,62,0
-0.79,-0.825,-0.715,0.9638888888888889,63,62,61,0
-0.715,-0.79,-0.89,0.9694444444444444,62,61,61,0
-0.89,-0.715,-0.795,0.9777777777777777,61,61,61,0
-0.795,-0.89,-0.74,0.9722222222222222,61,61,62,0
-0.74,-0.795,-0.73,0.9555555555555556,61,62,60,0
-0.73,-0.74,-0.755,0.9861111111111112,62,60,62,0
-0.755,-0.73,-0.91,0.9611111111111111,60,62,61,0
-0.91,-0.755,-0.91,0.9805555555555555,62,61,61,0
-0.91,-0.91,-0.805,0.9722222222222222,61,61,62,0
-0.805,-0.91,-0.945,0.9583333333333334,61,62,64,0
-0.945,-0.805,-0.85,0.9361111111111111,62,64,62,0
-0.85,-0.945,-0.965,0.9527777777777777,64,62,63,0
-0.965,-0.85,-0.81,0.9416666666666667,62,63,120,0
-0.81,-0.965,-0.36,0.49722222222222223,63,120,134,0
-0.36,-0.81,-0.665,0.44722222222222224,120,134,62,5
-0.665,-0.36,-0.84,0.9611111111111111,134,62,64,0
-0.84,-0.665,-0.9,0.9361111111111111,62,64,63,0
-0.9,-0.84,-1.115,0.95,64,63,62,0
-1.115,-0.9,-0.9,0.9638888888888889,63,62,62,0
-0.9,-1.115,-0.925,0.9638888888888889,62,62,60,0
-0.925,-0.9,-1.045,0.9888888888888889,62,60,60,0
-1.045,-0.925,-0.82,0.9944444444444445,60,60,61,0
-0.82,-1.045,-0.825,0.9833333333333333,60,61,59,0
-0.825,-0.82,-0.69,1.0055555555555555,61,59,58,0
-0.69,-0.825,-0.82,1.0194444444444444,59,58,60,0
-0.82,-0.69,-0.995,0.9972222222222222,58,60,62,0
-0.995,-0.82,-0.42,0.9666666666666667,60,62,60,0
-0.42,-0.995,-0.395,0.9861111111111112,62,60,61,0
-0.395,-0.42,-0.64,0.975,60,61,62,0
-0.64,-0.395,-0.865,0.9555555555555556,61,62,62,0
-0.865,-0.64,-0.87,0.9666666666666667,62,62,62,0
-0.87,-0.865,-0.96,0.9638888888888889,62,62,61,0
-0.96,-0.87,-0.975,0.9722222222222222,62,61,60,0
-0.975,-0.96,-1.05,0.9972222222222222,61,60,61,0
-1.05,-0.975,-0.975,0.9722222222222222,60,61,61,0
-0.975,-1.05,-0.98,0.9722222222222222,61,61,61,0
-0.98,-0.975,-1.055,0.9777777777777777,61,61,60,0
-1.055,-0.98,-1.055,0.9972222222222222,61,60,59,0
-1.055,-1.055,-0.98,1.0138888888888888,60,59,59,0
-0.98,-1.055,-0.715,1.0055555555555555,59,59,60,0
-0.715,-0.98,-0.695,0.9861111111111112,59,60,58,0
-0.695,-0.715,-0.925,1.0194444444444444,60,58,58,0
-0.925,-0.695,-0.9,1.0277777777777777,58,58,59,0
-0.9,-0.925,-1.055,1.0138888888888888,58,59,57,0
-1.055,-0.9,-0.99,1.0361111111111112,59,57,59,0
-0.99,-1.055,-1.005,1.0083333333333333,57,59,58,0
-1.005,-0.99,-0.775,1.0194444444444444,59,58,58,0
-0.775,-1.005,-0.65,1.0333333333333334,58,58,60,0
-0.65,-0.775,-0.7,1.0,58,60,59,0
-0.7,-0.65,-0.92,1.0138888888888888,60,59,59,0
-0.92,-0.7,-0.89,1.0166666666666666,59,59,59,0
-0.89,-0.92,-0.895,1.011111111111111,59,59,59,0
-0.895,-0.89,-0.91,1.0055555555555555,59,59,59,0
-0.91,-0.895,-1.015,1.0138888888888888,59,59,59,0
-1.015,-0.91,-1.03,1.0166666666666666,59,59,57,0
-1.03,-1.015,-1.075,1.0361111111111112,59,57,58,0
-1.075,-1.03,-1.025,1.025,57,58,58,0
-1.025,-1.075,-1.05,1.0333333333333334,58,58,56,0
-1.05,-1.025,-0.875,1.0611111111111111,58,56,57,0
-0.875,-1.05,-0.85,1.0416666666666667,56,57,58,0
-0.85,-0.875,-0.83,1.0305555555555554,57,58,57,0
-0.83,-0.85,-0.675,1.0361111111111112,58,57,58,0
-0.675,-0.83,-0.685,1.0305555555555554,57,58,58,0
-0.685,-0.675,-0.625,1.025,58,58,60,0
-0.625,-0.685,-0.555,0.9972222222222222,58,60,59,0
-0.555,-0.625,-0.73,1.0083333333333333,60,59,58,0
-0.73,-0.555,-0.765,1.0277777777777777,59,58,60,0
-0.765,-0.73,-0.845,0.9944444444444445,58,60,60,0
-0.845,-0.765,-0.805,0.9888888888888889,60,60,59,0
-0.805,-0.845,-0.815,1.0027777777777778,60,59,60,0
-0.815,-0.805,-0.855,0.9944444444444445,59,60,60,0
-0.855,-0.815,-0.95,0.9916666666666667,60,60,59,0
-0.95,-0.855,-0.88,1.0027777777777778,60,59,60,0
-0.88,-0.95,-0.95,0.9888888888888889,59,60,61,0
-0.95,-0.88,-0.96,0.9805555555555555,60,61,60,0
-0.96,-0.95,-1.065,0.9944444444444445,61,60,60,0
-1.065,-0.96,-0.97,0.9972222222222222,60,60,61,0
-0.97,-1.065,-1.03,0.9805555555555555,60,61,59,0
-1.03,-0.97,-0.925,1.0055555555555555,61,59,59,0
-0.925,-1.03,-0.87,1.0055555555555555,59,59,58,0
-0.87,-0.925,-0.885,1.0277777777777777,59,58,59,0
-0.885,-0.87,-0.98,1.0138888888888888,58,59,60,0
-0.98,-0.885,-0.895,1.0,59,60,57,0
-0.895,-0.98,-0.97,1.0361111111111112,60,57,59,0
-0.97,-0.895,-0.93,1.0166666666666666,57,59,59,0
-0.93,-0.97,-0.93,1.0138888888888888,59,59,58,0
-0.93,-0.93,-0.88,1.0194444444444444,59,58,58,0
-0.88,-0.93,-0.98,1.0222222222222221,58,58,58,0
-0.98,-0.88,-1.055,1.0333333333333334,58,58,58,0
-1.055,-0.98,-1.07,1.0222222222222221,58,58,59,0
-1.07,-1.055,-1.035,1.0055555555555555,58,59,58,0
-1.035,-1.07,-0.715,1.0305555555555554,59,58,59,0
-0.715,-1.035,-0.72,1.011111111111111,58,59,61,0
-0.72,-0.715,-0.9,0.9805555555555555,59,61,59,0
-0.9,-0.72,-0.97,1.011111111111111,61,59,61,0
-0.97,-0.9,-1.13,0.9722222222222222,59,61,62,0
-1.13,-0.97,-1.125,0.9666666666666667,61,62,60,0
-1.125,-1.13,-1.16,1.0,62,60,62,0
-1.16,-1.125,-1.12,0.9555555555555556,60,62,62,0
-1.12,-1.16,-1.23,0.9611111111111111,62,62,61,0
-1.23,-1.12,-1.165,0.9805555555555555,62,61,62,0
-1.165,-1.23,-1.145,0.9555555555555556,61,62,61,0
-1.145,-1.165,-1.15,0.9777777777777777,62,61,60,0
-1.15,-1.145,-1.015,1.0,61,60,58,0
-1.015,-1.15,-0.99,1.025,60,58,57,0
-0.99,-1.015,-0.875,1.0416666666666667,58,57,59,0
-0.875,-0.99,-0.815,1.0166666666666666,57,59,58,0
-0.815,-0.875,-0.925,1.025,59,58,57,0
-0.925,-0.815,-1.105,1.0444444444444445,58,57,57,0
-1.105,-0.925,-1.02,1.0361111111111112,57,57,58,0
-1.02,-1.105,-0.99,1.0222222222222221,57,58,58,0
-0.99,-1.02,-0.895,1.0194444444444444,58,58,59,0
-0.895,-0.99,-0.985,1.0138888888888888,58,59,59,0
-0.985,-0.895,-0.86,1.0055555555555555,59,59,59,0
-0.86,-0.985,-0.765,1.011111111111111,59,59,60,0
-0.765,-0.86,-0.79,0.9944444444444445,59,60,59,0
-0.79,-0.765,-0.815,1.011111111111111,60,59,57,0
-0.815,-0.79,-0.815,1.0361111111111112,59,57,59,0
-0.815,-0.815,-1.01,1.0055555555555555,57,59,61,0
-1.01,-0.815,-0.83,0.9694444444444444,59,61,60,0
-0.83,-1.01,-0.84,0.9944444444444445,61,60,61,0
-0.84,-0.83,-0.8,0.975,60,61,60,0
-0.8,-0.84,-0.82,0.9972222222222222,61,60,60,0
-0.82,-0.8,-0.91,1.0,60,60,60,0
-0.91,-0.82,-0.94,0.9944444444444445,60,60,57,0
-0.94,-0.91,-0.855,1.038888888888889,60,57,58,0
-0.855,-0.94,-0.795,1.0277777777777777,57,58,58,0
-0.795,-0.855,-0.98,1.025,58,58,57,0
-0.98,-0.795,-1.055,1.038888888888889,58,57,60,0
-1.055,-0.98,-0.97,1.0,57,60,58,0
-0.97,-1.055,-0.88,1.0333333333333334,60,58,56,0
-0.88,-0.97,-0.845,1.0583333333333333,58,56,57,0
-0.845,-0.88,-0.85,1.0444444444444445,56,57,59,0
-0.85,-0.845,-0.88,1.0166666666666666,57,59,57,0
-0.88,-0.85,-0.905,1.0472222222222223,59,57,57,0
-0.905,-0.88,-0.78,1.0361111111111112,57,57,59,0
-0.78,-0.905,-0.86,1.0083333333333333,57,59,60,0
-0.86,-0.78,-0.66,1.0,59,60,59,0
-0.66,-0.86,-0.675,1.011111111111111,60,59,58,0
-0.675,-0.66,-0.835,1.0277777777777777,59,58,60,0
-0.835,-0.675,-0.96,0.9861111111111112,58,60,60,0
-0.96,-0.835,-0.88,0.9861111111111112,60,60,58,0
-0.88,-0.96,-0.88,1.025,60,58,60,0
-0.88,-0.88,-0.86,1.0,58,60,60,0
-0.86,-0.88,-0.775,0.9972222222222222,60,60,59,0
-0.775,-0.86,-0.915,1.0166666666666666,60,59,60,0
-0.915,-0.775,-0.89,0.9972222222222222,59,60,59,0
-0.89,-0.915,-0.88,1.0055555555555555,60,59,59,0
-0.88,-0.89,-0.755,1.0138888888888888,59,59,59,0
-0.755,-0.88,-0.76,1.0027777777777778,59,59,59,0
-0.76,-0.755,-0.755,1.0083333333333333,59,59,60,0
-0.755,-0.76,-0.97,1.0,59,60,60,0
-0.97,-0.755,-1.04,0.9944444444444445,60,60,61,0
-1.04,-0.97,-1.035,0.9805555555555555,60,61,61,0
-1.035,-1.04,-0.815,0.9833333333333333,61,61,62,0
-0.815,-1.035,-0.775,0.9666666666666667,61,62,59,0
-0.775,-0.815,-0.95,1.0138888888888888,62,59,60,0
-0.95,-0.775,-0.675,0.9916666666666667,59,60,61,0
-0.675,-0.95,-0.605,0.9777777777777777,60,61,59,0
-0.605,-0.675,-0.675,1.0083333333333333,61,59,61,0
-0.675,-0.605,-0.915,0.9694444444444444,59,61,62,0
-0.915,-0.675,-0.94,0.9583333333333334,61,62,61,0
-0.94,-0.915,-1.065,0.9694444444444444,62,61,62,0
-1.065,-0.94,-0.505,0.9666666666666667,61,62,62,0
-0.505,-1.065,-0.285,0.9611111111111111,62,62,62,0
-0.285,-0.505,-0.52,0.9666666666666667,62,62,65,0
-0.52,-0.285,-0.785,0.9194444444444444,62,65,65,0
-0.785,-0.52,-0.875,0.9111111111111111,65,65,63,0
-0.875,-0.785,-1.1,0.9416666666666667,65,63,65,0
-1.1,-0.875,-1.15,0.9111111111111111,63,65,68,0
-1.15,-1.1,-1.28,0.8777777777777778,65,68,66,0
-1.28,-1.15,-1.15,0.8972222222222223,68,66,69,0
-1.15,-1.28,-1.005,0.8611111111111112,66,69,70,0
-1.005,-1.15,-1.125,0.8527777777777777,69,70,69,0
-1.125,-1.005,-1.2,0.8694444444444445,70,69,70,0
-1.2,-1.125,-1.185,0.8527777777777777,69,70,69,0
-1.185,-1.2,-1.095,0.8666666666666667,70,69,67,0
-1.095,-1.185,-0.875,0.8833333333333333,69,67,66,0
-0.875,-1.095,-0.725,0.8972222222222223,67,66,66,0
-0.725,-0.875,-0.97,0.9083333333333333,66,66,67,0
-0.97,-0.725,-1.12,0.8944444444444445,66,67,66,0
-1.12,-0.97,-1.115,0.9055555555555556,67,66,67,0
-1.115,-1.12,-1.11,0.8888888888888888,66,67,67,0
-1.11,-1.115,-0.96,0.8916666666666667,67,67,67,0
-0.96,-1.11,-0.885,0.8944444444444445,67,67,68,0
-0.885,-0.96,-0.58,0.875,67,68,69,0
-0.58,-0.885,-0.775,0.8638888888888889,68,69,67,0
-0.775,-0.58,-0.98,0.8888888888888888,69,67,69,0
-0.98,-0.775,-1.2,0.8694444444444445,67,69,69,0
-1.2,-0.98,-1.15,0.8583333333333333,69,69,68,0
-1.15,-1.2,-1.22,0.8722222222222222,69,68,67,0
-1.22,-1.15,-1.125,0.8833333333333333,68,67,67,0
-1.125,-1.22,-1.135,0.8944444444444445,67,67,66,0
-1.135,-1.125,-0.965,0.9055555555555556,67,66,65,0
-0.965,-1.135,-0.98,0.9138888888888889,66,65,64,0
-0.98,-0.965,-0.945,0.9361111111111111,65,64,62,0
-0.945,-0.98,-0.875,0.9583333333333334,64,62,63,0
-0.875,-0.945,-0.9,0.9444444444444444,62,63,65,0
-0.9,-0.875,-0.91,0.9194444444444444,63,65,63,0
-0.91,-0.9,-1.055,0.9416666666666667,65,63,64,0
-1.055,-0.91,-0.82,0.9277777777777778,63,64,62,0
-0.82,-1.055,-0.765,0.9555555555555556,64,62,62,0
-0.765,-0.82,-0.71,0.9666666666666667,62,62,62,0
-0.71,-0.765,-0.6,0.9611111111111111,62,62,62,0
-0.6,-0.71,-0.67,0.9555555555555556,62,62,62,0
-0.67,-0.6,-0.685,0.9666666666666667,62,62,62,0
-0.685,-0.67,-0.75,0.9638888888888889,62,62,63,0
-0.75,-0.685,-0.715,0.95,62,63,63,0
-0.715,-0.75,-0.74,0.95,63,63,63,0
-0.74,-0.715,-0.705,0.9388888888888889,63,63,64,0
-0.705,-0.74,-0.835,0.9277777777777778,63,64,63,0
-0.835,-0.705,-0.97,0.95,64,63,64,0
-0.97,-0.835,-0.93,0.9361111111111111,63,64,64,0
-0.93,-0.97,-0.97,0.9361111111111111,64,64,61,0
-0.97,-0.93,-1.05,0.975,64,61,62,0
-1.05,-0.97,-1.055,0.9555555555555556,61,62,62,0
-1.055,-1.05,-0.88,0.9611111111111111,62,62,61,0
-0.88,-1.055,-0.815,0.9722222222222222,62,61,60,0
-0.815,-0.88,-0.86,0.9861111111111112,61,60,60,0
-0.86,-0.815,-0.94,0.9972222222222222,60,60,58,0
-0.94,-0.86,-0.895,1.0222222222222221,60,58,60,0
-0.895,-0.94,-0.935,0.9861111111111112,58,60,62,0
-0.935,-0.895,-0.83,0.9583333333333334,60,62,60,0
-0.83,-0.935,-0.83,0.9861111111111112,62,60,62,0
-0.83,-0.83,-0.855,0.9666666666666667,60,62,63,0
-0.855,-0.83,-0.805,0.9416666666666667,62,63,61,0
-0.805,-0.855,-0.98,0.9722222222222222,63,61,61,0
-0.98,-0.805,-1.12,0.9694444444444444,61,61,60,0
-1.12,-0.98,-1.27,0.9861111111111112,61,60,61,0
-1.27,-1.12,-1.365,0.9805555555555555,60,61,62,0
-1.365,-1.27,-1.0,0.9555555555555556,61,62,63,0
-1.0,-1.365,-0.575,0.9388888888888889,62,63,61,0
-0.575,-1.0,-0.605,0.9722222222222222,63,61,62,0
-0.605,-0.575,-0.565,0.9527777777777777,61,62,65,0
-0.565,-0.605,-0.685,0.9194444444444444,62,65,62,0
-0.685,-0.565,-0.86,0.9555555555555556,65,62,64,0
-0.86,-0.685,-0.965,0.9333333333333333,62,64,63,0
-0.965,-0.86,-0.965,0.9472222222222222,64,63,61,0
-0.965,-0.965,-0.9,0.9694444444444444,63,61,62,0
-0.9,-0.965,-0.975,0.9583333333333334,61,62,61,0
-0.975,-0.9,-0.94,0.9805555555555555,62,61,59,0
-0.94,-0.975,-0.91,1.0027777777777778,61,59,60,0
-0.91,-0.94,-0.94,0.9972222222222222,59,60,62,0
-0.94,-0.91,-0.92,0.9638888888888889,60,62,60,0
-0.92,-0.94,-0.72,0.9916666666666667,62,60,61,0
-0.72,-0.92,-0.725,0.9833333333333333,60,61,61,0
-0.725,-0.72,-0.76,0.9722222222222222,61,61,61,0
-0.76,-0.725,-0.86,0.9777777777777777,61,61,62,0
-0.86,-0.76,-0.945,0.9638888888888889,61,62,60,0
-0.945,-0.86,-1.055,0.9944444444444445,62,60,60,0
-1.055,-0.945,-1.07,0.9972222222222222,60,60,60,0
-1.07,-1.055,-1.13,0.9861111111111112,60,60,62,0
-1.13,-1.07,-1.05,0.9638888888888889,60,62,61,0
-1.05,-1.13,-0.795,0.9833333333333333,62,61,60,0
-0.795,-1.05,-0.58,0.9916666666666667,61,60,60,0
-0.58,-0.795,-0.815,0.9944444444444445,60,60,63,0
-0.815,-0.58,-0.905,0.95,60,63,62,0
-0.905,-0.815,-0.82,0.9555555555555556,63,62,61,0
-0.82,-0.905,-0.95,0.9694444444444444,62,61,64,0
-0.95,-0.82,-0.555,0.9361111111111111,61,64,65,0
-0.555,-0.95,0.22,0.9166666666666666,64,65,64,0
0.22,-0.555,-0.265,0.9277777777777778,65,64,66,0
-0.265,0.22,-0.855,0.9083333333333333,64,66,63,0
-0.855,-0.265,-1.39,0.9388888888888889,66,63,61,0
-1.39,-0.855,-1.59,0.9805555555555555,63,61,62,0
-1.59,-1.39,-1.485,0.9583333333333334,61,62,62,0
-1.485,-1.59,-1.36,0.9666666666666667,62,62,59,0
-1.36,-1.485,-1.105,1.0027777777777778,62,59,61,0
-1.105,-1.36,-1.015,0.975,59,61,63,0
-1.015,-1.105,-0.945,0.9472222222222222,61,63,61,0
-0.945,-1.015,-0.715,0.9777777777777777,63,61,63,0
-0.715,-0.945,-0.75,0.95,61,63,64,0
-0.75,-0.715,-0.825,0.9333333333333333,63,64,63,0
-0.825,-0.75,-0.85,0.9416666666666667,64,63,63,0
-0.85,-0.825,-0.885,0.9388888888888889,63,63,62,0
-0.885,-0.85,-0.925,0.9666666666666667,63,62,59,0
-0.925,-0.885,-0.89,1.0055555555555555,62,59,60,0
-0.89,-0.925,-0.965,0.9944444444444445,59,60,59,0
-0.965,-0.89,-0.8,1.011111111111111,60,59,59,0
-0.8,-0.965,-0.92,1.0138888888888888,59,59,58,0
-0.92,-0.8,-0.845,1.0222222222222221,59,58,60,0
-0.845,-0.92,-0.79,0.9944444444444445,58,60,58,0
-0.79,-0.845,-0.855,1.025,60,58,59,0
-0.855,-0.79,-0.98,1.0055555555555555,58,59,59,0
-0.98,-0.855,-0.91,1.0138888888888888,59,59,60,0
-0.91,-0.98,-1.29,1.0,59,60,61,0
-1.29,-0.91,-1.33,0.9777777777777777,60,61,61,0
-1.33,-1.29,-1.17,0.975,61,61,62,0
-1.17,-1.33,-0.915,0.9583333333333334,61,62,62,0
-0.915,-1.17,-0.785,0.9638888888888889,62,62,61,0
-0.785,-0.915,-0.755,0.975,62,61,62,0
-0.755,-0.785,-0.77,0.9583333333333334,61,62,63,0
-0.77,-0.755,-0.895,0.9444444444444444,62,63,61,0
-0.895,-0.77,-0.855,0.9722222222222222,63,61,62,0
-0.855,-0.895,-0.675,0.9638888888888889,61,62,62,0
-0.675,-0.855,-0.33,0.9555555555555556,62,62,61,0
-0.33,-0.675,-0.205,0.9722222222222222,62,61,61,0
-0.205,-0.33,-0.655,0.9777777777777777,61,61,61,0
-0.655,-0.205,-0.99,0.9777777777777777,61,61,59,0
-0.99,-0.655,-0.945,1.0083333333333333,61,59,60,0
-0.945,-0.99,-1.025,0.9972222222222222,59,60,61,0
-1.025,-0.945,-1.01,0.9833333333333333,60,61,58,0
-1.01,-1.025,-1.035,1.0305555555555554,61,58,59,0
-1.035,-1.01,-0.915,1.0055555555555555,58,59,63,0
-0.915,-1.035,-0.725,0.9444444444444444,59,63,61,0
-0.725,-0.915,-0.815,0.9722222222222222,63,61,61,0
-0.815,-0.725,-0.815,0.9833333333333333,61,61,60,0
-0.815,-0.815,-0.93,0.9944444444444445,61,60,60,0
-0.93,-0.815,-0.86,0.9916666666666667,60,60,61,0
-0.86,-0.93,-0.915,0.9722222222222222,60,61,60,0
-0.915,-0.86,-0.96,0.9944444444444445,61,60,60,0
-0.96,-0.915,-0.95,0.9916666666666667,60,60,60,0
-0.95,-0.96,-0.945,0.9861111111111112,60,60,61,0
-0.945,-0.95,-0.93,0.975,60,61,60,0
-0.93,-0.945,-0.995,0.9916666666666667,61,60,59,0
-0.995,-0.93,-0.83,1.0027777777777778,60,59,58,0
-0.83,-0.995,-0.215,1.0222222222222221,59,58,61,0
-0.215,-0.83,0.165,0.9833333333333333,58,61,60,0
0.165,-0.215,-0.135,0.9861111111111112,61,60,59,0
-0.135,0.165,-0.885,1.0166666666666666,60,59,60,0
-0.885,-0.135,-1.395,0.9861111111111112,59,60,62,0
-1.395,-0.885,-1.66,0.9666666666666667,60,62,60,0
-1.66,-1.395,-1.64,0.9861111111111112,62,60,61,0
-1.64,-1.66,-1.55,0.9805555555555555,60,61,59,0
-1.55,-1.64,-1.28,1.011111111111111,61,59,59,0
-1.28,-1.55,-1.225,1.0055555555555555,59,59,59,0
-1.225,-1.28,-1.205,1.0138888888888888,59,59,58,0
-1.205,-1.225,-1.045,1.0277777777777777,59,58,58,0
-1.045,-1.205,-0.485,1.0305555555555554,58,58,59,0
-0.485,-1.045,-0.465,1.0083333333333333,58,59,59,0
-0.465,-0.485,-0.855,1.0138888888888888,59,59,59,0
-0.855,-0.465,-0.9,1.0138888888888888,59,59,59,0
-0.9,-0.855,-0.88,1.011111111111111,59,59,58,0
-0.88,-0.9,-0.81,1.0194444444444444,59,58,59,0
-0.81,-0.88,-0.815,1.0027777777777778,58,59,59,0
-0.815,-0.81,-0.765,1.0083333333333333,59,59,58,0
-0.765,-0.815,-0.765,1.025,59,58,58,0
-0.765,-0.765,-0.705,1.0194444444444444,58,58,60,0
-0.705,-0.765,-0.675,0.9972222222222222,58,60,59,0
-0.675,-0.705,-0.705,1.0138888888888888,60,59,61,0
-0.705,-0.675,-0.745,0.9777777777777777,59,61,60,0
-0.745,-0.705,-0.83,0.9861111111111112,61,60,60,0
-0.83,-0.745,-0.98,0.9888888888888889,60,60,60,0
-0.98,-0.83,-0.875,1.0,60,60,58,0
-0.875,-0.98,-0.98,1.0194444444444444,60,58,58,0
-0.98,-0.875,-0.935,1.0222222222222221,58,58,59,0
-0.935,-0.98,-1.105,1.0055555555555555,58,59,58,0
-1.105,-0.935,-1.155,1.0333333333333334,59,58,58,0
-1.155,-1.105,-1.025,1.0222222222222221,58,58,59,0
-1.025,-1.155,-1.085,1.011111111111111,58,59,59,0
-1.085,-1.025,-1.285,1.0083333333333333,59,59,59,0
-1.285,-1.085,-0.71,1.0027777777777778,59,59,58,0
-0.71,-1.285,-0.13,1.0194444444444444,59,58,58,0
-0.13,-0.71,-0.175,1.025,58,58,58,0
-0.175,-0.13,-0.785,1.0222222222222221,58,58,60,0
-0.785,-0.175,-1.18,0.9916666666666667,58,60,59,0
-1.18,-0.785,-1.44,1.0027777777777778,60,59,59,0
-1.44,-1.18,-1.39,1.0027777777777778,59,59,58,0
-1.39,-1.44,-1.37,1.0277777777777777,59,58,59,0
-1.37,-1.39,-1.33,1.0083333333333333,58,59,59,0
-1.33,-1.37,-1.175,1.0166666666666666,59,59,57,0
-1.175,-1.33,-1.19,1.05,59,57,57,0
-1.19,-1.175,-1.175,1.0416666666666667,57,57,57,0
-1.175,-1.19,-1.04,1.0416666666666667,57,57,56,0
-1.04,-1.175,-1.035,1.0666666666666667,57,56,57,0
-1.035,-1.04,-1.03,1.0444444444444445,56,57,55,0
-1.03,-1.035,-0.925,1.0777777777777777,57,55,56,0
-0.925,-1.03,-0.92,1.0638888888888889,55,56,57,0
-0.92,-0.925,-0.85,1.0472222222222223,56,57,55,0
-0.85,-0.92,-0.815,1.0777777777777777,57,55,57,0
-0.815,-0.85,-0.9,1.0472222222222223,55,57,58,0
-0.9,-0.815,-0.87,1.0333333333333334,57,58,57,0
-0.87,-0.9,-0.765,1.0416666666666667,58,57,56,0
-0.765,-0.87,-0.82,1.0583333333333333,57,56,56,0
-0.82,-0.765,-0.95,1.0666666666666667,56,56,57,0
-0.95,-0.82,-0.99,1.0416666666666667,56,57,58,0
-0.99,-0.95,-0.85,1.0277777777777777,57,58,57,0
-0.85,-0.99,-0.985,1.038888888888889,58,57,59,0
-0.985,-0.85,-0.805,1.0027777777777778,57,59,60,0
-0.805,-0.985,-0.805,1.0,59,60,59,0
-0.805,-0.805,-0.85,1.0138888888888888,60,59,60,0
-0.85,-0.805,-0.91,0.9972222222222222,59,60,60,0
-0.91,-0.85,-0.95,1.0,60,60,57,0
-0.95,-0.91,-0.94,1.0416666666666667,60,57,58,0
-0.94,-0.95,-0.805,1.0277777777777777,57,58,57,0
-0.805,-0.94,-0.665,1.0361111111111112,58,57,56,0
-0.665,-0.805,-0.77,1.0638888888888889,57,56,57,0
-0.77,-0.665,-0.75,1.0444444444444445,56,57,58,0
-0.75,-0.77,-0.75,1.0305555555555554,57,58,57,0
-0.75,-0.75,-0.78,1.05,58,57,56,0
-0.78,-0.75,-0.785,1.0555555555555556,57,56,56,0
-0.785,-0.78,-0.73,1.0666666666666667,56,56,58,0
-0.73,-0.785,-0.76,1.0277777777777777,56,58,57,0
-0.76,-0.73,-0.8,1.0416666666666667,58,57,56,0
-0.8,-0.76,-0.82,1.0638888888888889,57,56,56,0
-0.82,-0.8,-0.86,1.0527777777777778,56,56,57,0
-0.86,-0.82,-0.93,1.038888888888889,56,57,57,0
-0.93,-0.86,-0.885,1.0472222222222223,57,57,56,0
-0.885,-0.93,-0.965,1.0638888888888889,57,56,56,0
-0.965,-0.885,-0.96,1.0638888888888889,56,56,58,0
-0.96,-0.965,-1.045,1.0194444444444444,56,58,59,0
-1.045,-0.96,-1.0,1.0138888888888888,58,59,57,0
-1.0,-1.045,-0.985,1.0472222222222223,59,57,59,0
-0.985,-1.0,-0.895,1.0055555555555555,57,59,59,0
-0.895,-0.985,-0.975,1.0027777777777778,59,59,58,0
-0.975,-0.895,-0.935,1.025,59,58,60,0
-0.935,-0.975,-0.87,1.0,58,60,58,0
-0.87,-0.935,-0.915,1.0277777777777777,60,58,58,0
-0.915,-0.87,-1.01,1.0333333333333334,58,58,59,0
-1.01,-0.915,-0.935,1.0138888888888888,58,59,57,0
-0.935,-1.01,-0.895,1.05,59,57,57,0
-0.895,-0.935,-1.025,1.0444444444444445,57,57,59,0
-1.025,-0.895,-0.925,1.0166666666666666,57,59,57,0
-0.925,-1.025,-0.885,1.0444444444444445,59,57,59,0
-0.885,-0.925,-0.95,1.0138888888888888,57,59,58,0
-0.95,-0.885,-0.98,1.0222222222222221,59,58,57,0
-0.98,-0.95,-1.015,1.0472222222222223,58,57,58,0
-1.015,-0.98,-0.92,1.0194444444444444,57,58,58,0
-0.92,-1.015,-0.9,1.0305555555555554,58,58,57,0
-0.9,-0.92,-0.88,1.038888888888889,58,57,58,0
-0.88,-0.9,-0.74,1.0222222222222221,57,58,58,0
-0.74,-0.88,-0.77,1.0277777777777777,58,58,59,0
-0.77,-0.74,-0.955,1.0166666666666666,58,59,60,0
-0.955,-0.77,-0.905,0.9944444444444445,59,60,58,0
-0.905,-0.955,-0.92,1.025,60,58,60,0
-0.92,-0.905,-1.04,0.9861111111111112,58,60,59,0
-1.04,-0.92,-0.96,1.0138888888888888,60,59,58,0
-0.96,-1.04,-0.895,1.0333333333333334,59,58,59,0
-0.895,-0.96,-0.995,1.0166666666666666,58,59,59,0
-0.995,-0.895,-0.875,1.0027777777777778,59,59,60,0
-0.875,-0.995,-0.845,1.0,59,60,60,0
-0.845,-0.875,-0.925,0.9944444444444445,60,60,58,0
-0.925,-0.845,-0.955,1.0194444444444444,60,58,59,0
-0.955,-0.925,-0.9,1.011111111111111,58,59,59,0
-0.9,-0.955,-0.875,1.0027777777777778,59,59,59,0
-0.875,-0.9,-0.85,1.011111111111111,59,59,59,0
-0.85,-0.875,-0.955,1.0055555555555555,59,59,60,0
-0.955,-0.85,-0.89,0.9972222222222222,59,60,59,0
-0.89,-0.955,-0.86,1.0138888888888888,60,59,59,0
-0.86,-0.89,-0.9,1.0138888888888888,59,59,57,0
-0.9,-0.86,-0.86,1.0361111111111112,59,57,57,0
-0.86,-0.9,-0.8,1.038888888888889,57,57,58,0
-0.8,-0.86,-0.89,1.0333333333333334,57,58,56,0
-0.89,-0.8,-0.93,1.0527777777777778,58,56,57,0
-0.93,-0.89,-0.905,1.0416666666666667,56,57,57,0
-0.905,-0.93,-0.845,1.0444444444444445,57,57,58,0
-0.845,-0.905,-0.95,1.025,57,58,57,0
-0.95,-0.845,-0.985,1.0361111111111112,58,57,57,0
-0.985,-0.95,-0.89,1.0444444444444445,57,57,59,0
-0.89,-0.985,-0.8,1.011111111111111,57,59,57,0
-0.8,-0.89,-0.935,1.038888888888889,59,57,57,0
-0.935,-0.8,-0.995,1.0444444444444445,57,57,58,0
-0.995,-0.935,-0.925,1.0222222222222221,57,58,57,0
-0.925,-0.995,-0.91,1.0472222222222223,58,57,58,0
-0.91,-0.925,-0.985,1.0222222222222221,57,58,59,0
-0.985,-0.91,-0.99,1.0138888888888888,58,59,57,0
-0.99,-0.985,-0.995,1.0416666666666667,59,57,58,0
-0.995,-0.99,-0.9,1.0333333333333334,57,58,59,0
-0.9,-0.995,-0.82,1.0083333333333333,58,59,61,0
-0.82,-0.9,-0.935,0.9833333333333333,59,61,58,0
-0.935,-0.82,-0.96,1.0305555555555554,61,58,59,0
-0.96,-0.935,-0.735,1.0027777777777778,58,59,62,0
-0.735,-0.96,-0.745,0.9638888888888889,59,62,59,0
-0.745,-0.735,-0.97,1.0055555555555555,62,59,59,0
-0.97,-0.745,-0.995,1.0055555555555555,59,59,60,0
-0.995,-0.97,-0.975,0.9944444444444445,59,60,59,0
-0.975,-0.995,-1.0,1.0083333333333333,60,59,61,0
-1.0,-0.975,-0.84,0.975,59,61,59,0
-0.84,-1.0,-0.835,1.011111111111111,61,59,59,0
-0.835,-0.84,-0.77,1.011111111111111,59,59,61,0
-0.77,-0.835,-0.765,0.9833333333333333,59,61,60,0
-0.765,-0.77,-0.705,1.0,61,60,59,0
-0.705,-0.765,-0.775,1.0166666666666666,60,59,59,0
-0.775,-0.705,-0.78,1.0083333333333333,59,59,58,0
-0.78,-0.775,-0.765,1.0333333333333334,59,58,61,0
-0.765,-0.78,-0.72,0.9833333333333333,58,61,59,0
-0.72,-0.765,-0.885,1.0055555555555555,61,59,58,0
-0.885,-0.72,-0.81,1.0194444444444444,59,58,59,0
-0.81,-0.885,-0.975,1.0027777777777778,58,59,61,0
-0.975,-0.81,-0.97,0.9805555555555555,59,61,60,0
-0.97,-0.975,-0.97,0.9972222222222222,61,60,60,0
-0.97,-0.97,-0.865,0.9916666666666667,60,60,59,0
-0.865,-0.97,-1.035,1.0027777777777778,60,59,60,0
-1.035,-0.865,-0.865,1.0,59,60,60,0
-0.865,-1.035,-0.92,0.9944444444444445,60,60,59,0
-0.92,-0.865,-0.805,1.0027777777777778,60,59,60,0
-0.805,-0.92,-0.76,0.9888888888888889,59,60,60,0
-0.76,-0.805,-0.84,0.9944444444444445,60,60,59,0
-0.84,-0.76,-0.675,1.0138888888888888,60,59,60,0
-0.675,-0.84,-0.865,1.0,59,60,60,0
-0.865,-0.675,-0.645,0.9916666666666667,60,60,59,0
-0.645,-0.865,-0.72,1.0027777777777778,60,59,59,0
-0.72,-0.645,-0.535,1.0027777777777778,59,59,58,0
-0.535,-0.72,-0.7,1.0222222222222221,59,58,56,0
-0.7,-0.535,-0.79,1.0583333333333333,58,56,57,0
-0.79,-0.7,-0.905,1.0361111111111112,56,57,61,0
-0.905,-0.79,-0.91,0.9833333333333333,57,61,58,0
-0.91,-0.905,-0.86,1.0222222222222221,61,58,58,0
-0.86,-0.91,-0.77,1.0194444444444444,58,58,58,0
-0.77,-0.86,-0.915,1.0277777777777777,58,58,58,0
-0.915,-0.77,-0.82,1.0305555555555554,58,58,61,0
-0.82,-0.915,-0.765,0.9805555555555555,58,61,58,0
-0.765,-0.82,-0.9,1.0222222222222221,61,58,58,0
-0.9,-0.765,-0.875,1.0194444444444444,58,58,60,0
-0.875,-0.9,-0.755,1.0,58,60,58,0
-0.755,-0.875,-0.845,1.0333333333333334,60,58,58,0
-0.845,-0.755,-0.855,1.0222222222222221,58,58,57,0
-0.855,-0.845,-0.89,1.0416666666666667,58,57,56,0
-0.89,-0.855,-0.85,1.0666666666666667,57,56,57,0
-0.85,-0.89,-0.96,1.0416666666666667,56,57,59,0
-0.96,-0.85,-0.855,1.0055555555555555,57,59,57,0
-0.855,-0.96,-0.755,1.0444444444444445,59,57,57,0
-0.755,-0.855,-0.785,1.0361111111111112,57,57,59,0
-0.785,-0.755,-0.765,1.0055555555555555,57,59,59,0
-0.765,-0.785,-0.805,1.0055555555555555,59,59,58,0
-0.805,-0.765,-0.89,1.0222222222222221,59,58,56,0
-0.89,-0.805,-0.955,1.0527777777777778,58,56,58,0
-0.955,-0.89,-0.975,1.0333333333333334,56,58,58,0
-0.975,-0.955,-1.0,1.0222222222222221,58,58,55,0
-1.0,-0.975,-0.895,1.0722222222222222,58,55,58,0
-0.895,-1.0,-0.945,1.0305555555555554,55,58,58,0
-0.945,-0.895,-0.975,1.0222222222222221,58,58,57,0
-0.975,-0.945,-0.985,1.038888888888889,58,57,57,0
-0.985,-0.975,-0.96,1.0416666666666667,57,57,56,0
-0.96,-0.985,-1.005,1.0583333333333333,57,56,57,0
-1.005,-0.96,-1.09,1.038888888888889,56,57,58,0
-1.09,-1.005,-1.24,1.0277777777777777,57,58,58,0
-1.24,-1.09,-1.27,1.0194444444444444,58,58,59,0
-1.27,-1.24,-1.36,1.0055555555555555,58,59,61,0
-1.36,-1.27,-0.945,0.9777777777777777,59,61,60,0
-0.945,-1.36,-0.715,0.9916666666666667,61,60,60,0
-0.715,-0.945,-0.675,0.9972222222222222,60,60,58,0
-0.675,-0.715,-0.53,1.025,60,58,58,0
-0.53,-0.675,-0.685,1.0194444444444444,58,58,59,0
-0.685,-0.53,-0.735,1.0055555555555555,58,59,57,0
-0.735,-0.685,-0.88,1.0361111111111112,59,57,59,0
-0.88,-0.735,-0.885,1.011111111111111,57,59,58,0
-0.885,-0.88,-0.88,1.0277777777777777,59,58,59,0
-0.88,-0.885,-0.68,1.0166666666666666,58,59,60,0
-0.68,-0.88,-0.225,1.0,59,60,60,0
-0.225,-0.68,-0.445,0.9972222222222222,60,60,58,0
-0.445,-0.225,-0.68,1.025,60,58,60,0
-0.68,-0.445,-0.955,0.9888888888888889,58,60,60,0
-0.955,-0.68,-1.045,0.9861111111111112,60,60,60,0
-1.045,-0.955,-1.095,0.9888888888888889,60,60,63,0
-1.095,-1.045,-0.945,0.9444444444444444,60,63,63,0
-0.945,-1.095,-0.96,0.9388888888888889,63,63,61,0
-0.96,-0.945,-0.92,0.9833333333333333,63,61,62,0
-0.92,-0.96,-1.0,0.9666666666666667,61,62,60,0
-1.0,-0.92,-1.115,0.9861111111111112,62,60,60,0
-1.115,-1.0,-0.905,1.0,60,60,60,0
-0.905,-1.115,-0.965,0.9861111111111112,60,60,60,0
-0.965,-0.905,-1.035,1.0,60,60,60,0
-1.035,-0.965,-0.81,0.9916666666666667,60,60,60,0
-0.81,-1.035,-0.78,0.9888888888888889,60,60,61,0
-0.78,-0.81,-0.785,0.9722222222222222,60,61,62,0
-0.785,-0.78,-0.87,0.9638888888888889,61,62,61,0
-0.87,-0.785,-0.735,0.9777777777777777,62,61,60,0
-0.735,-0.87,0.35,0.9888888888888889,61,60,61,0
0.35,-0.735,-0.105,0.975,60,61,63,0
-0.105,0.35,-0.865,0.9388888888888889,61,63,62,0
-0.865,-0.105,-1.425,0.9611111111111111,63,62,61,0
-1.425,-0.865,-1.56,0.975,62,61,60,0
-1.56,-1.425,-1.58,0.9916666666666667,61,60,59,0
-1.58,-1.56,-1.495,1.0138888888888888,60,59,59,0
-1.495,-1.58,-1.32,1.011111111111111,59,59,59,0
-1.32,-1.495,-1.205,1.0138888888888888,59,59,58,0
-1.205,-1.32,-0.64,1.0194444444444444,59,58,61,0
-0.64,-1.205,-0.5,0.9833333333333333,58,61,59,0
-0.5,-0.64,-0.985,1.0055555555555555,61,59,59,0
-0.985,-0.5,-1.415,1.011111111111111,59,59,59,0
-1.415,-0.985,-1.385,1.011111111111111,59,59,61,0
-1.385,-1.415,-1.175,0.9722222222222222,59,61,60,0
-1.175,-1.385,-1.055,0.9916666666666667,61,60,61,0
-1.055,-1.175,-1.065,0.9805555555555555,60,61,59,0
-1.065,-1.055,-0.865,1.0055555555555555,61,59,61,0
-0.865,-1.065,-0.745,0.975,59,61,61,0
-0.745,-0.865,-0.965,0.9694444444444444,61,61,59,0
-0.965,-0.745,-0.97,1.0027777777777778,61,59,61,0
-0.97,-0.965,-1.11,0.9805555555555555,59,61,61,0
-1.11,-0.97,-1.02,0.9833333333333333,61,61,60,0
-1.02,-1.11,-0.91,0.9972222222222222,61,60,62,0
-0.91,-1.02,-0.835,0.9638888888888889,60,62,59,0
-0.835,-0.91,-0.715,1.0138888888888888,62,59,58,0
-0.715,-0.835,-0.765,1.0333333333333334,59,58,59,0
-0.765,-0.715,-0.755,1.0166666666666666,58,59,58,0
-0.755,-0.765,-0.81,1.0222222222222221,59,58,58,0
-0.81,-0.755,-0.89,1.025,58,58,58,0
-0.89,-0.81,-1.005,1.0333333333333334,58,58,60,0
-1.005,-0.89,-0.935,0.9916666666666667,58,60,58,0
-0.935,-1.005,-0.85,1.0222222222222221,60,58,59,0
-0.85,-0.935,-0.705,1.0055555555555555,58,59,58,0
-0.705,-0.85,-0.655,1.0194444444444444,59,58,59,0
-0.655,-0.705,-0.65,1.0027777777777778,58,59,60,0
-0.65,-0.655,-0.72,0.9972222222222222,59,60,58,0
-0.72,-0.65,-0.775,1.0277777777777777,60,58,59,0
-0.775,-0.72,-0.815,1.0166666666666666,58,59,61,0
-0.815,-0.775,-0.89,0.9805555555555555,59,61,59,0
-0.89,-0.815,-0.91,1.011111111111111,61,59,60,0
-0.91,-0.89,-0.875,0.9944444444444445,59,60,59,0
-0.875,-0.91,-0.78,1.0166666666666666,60,59,59,0
-0.78,-0.875,-0.7,1.0166666666666666,59,59,59,0
-0.7,-0.78,-0.775,1.0055555555555555,59,59,59,0
-0.775,-0.7,-0.98,1.011111111111111,59,59,58,0
-0.98,-0.775,-0.915,1.025,59,58,58,0
-0.915,-0.98,-1.01,1.0222222222222221,58,58,60,0
-1.01,-0.915,-1.01,0.9916666666666667,58,60,58,0
-1.01,-1.01,-1.015,1.0333333333333334,60,58,59,0
-1.015,-1.01,-0.935,1.0083333333333333,58,59,58,0
-0.935,-1.015,-0.78,1.0277777777777777,59,58,59,0
-0.78,-0.935,-0.54,1.0083333333333333,58,59,59,0
-0.54,-0.78,-0.62,1.0027777777777778,59,59,57,0
-0.62,-0.54,-1.085,1.0361111111111112,59,57,59,0
-1.085,-0.62,-1.26,1.0027777777777778,57,59,61,0
-1.26,-1.085,-1.315,0.9833333333333333,59,61,60,0
-1.315,-1.26,-1.355,0.9972222222222222,61,60,61,0
-1.355,-1.315,-1.07,0.9777777777777777,60,61,61,0
-1.07,-1.355,-0.85,0.975,61,61,61,0
-0.85,-1.07,-0.555,0.9722222222222222,61,61,61,0
-0.555,-0.85,-0.815,0.9694444444444444,61,61,62,0
-0.815,-0.555,-1.08,0.9666666666666667,61,62,60,0
-1.08,-0.815,-1.315,0.9861111111111112,62,60,61,0
-1.315,-1.08,-1.27,0.9777777777777777,60,61,61,0
-1.27,-1.315,-1.135,0.9722222222222222,61,61,61,0
-1.135,-1.27,-1.185,0.975,61,61,61,0
-1.185,-1.135,-1.1,0.9777777777777777,61,61,60,0
-1.1,-1.185,-0.945,0.9972222222222222,61,60,61,0
-0.945,-1.1,-0.81,0.9805555555555555,60,61,60,0
-0.81,-0.945,-0.795,1.0,61,60,60,0
-0.795,-0.81,-0.955,1.0,60,60,61,0
-0.955,-0.795,-0.975,0.9777777777777777,60,61,61,0
-0.975,-0.955,-0.97,0.9805555555555555,61,61,58,0
-0.97,-0.975,-0.99,1.0222222222222221,61,58,58,0
-0.99,-0.97,-0.965,1.0194444444444444,58,58,59,0
-0.965,-0.99,-0.905,1.011111111111111,58,59,58,0
-0.905,-0.965,-0.9,1.0277777777777777,59,58,59,0
-0.9,-0.905,-0.905,1.0138888888888888,58,59,59,0
-0.905,-0.9,-0.92,1.011111111111111,59,59,57,0
-0.92,-0.905,-0.89,1.0416666666666667,59,57,58,0
-0.89,-0.92,-0.885,1.0305555555555554,57,58,59,0
-0.885,-0.89,-0.98,1.011111111111111,58,59,59,0
-0.98,-0.885,-0.915,1.0166666666666666,59,59,59,0
-0.915,-0.98,-0.91,1.0027777777777778,59,59,58,0
-0.91,-0.915,-0.755,1.0194444444444444,59,58,58,0
-0.755,-0.91,-0.535,1.0222222222222221,58,58,58,0
-0.535,-0.755,-0.66,1.0277777777777777,58,58,57,0
-0.66,-0.535,-0.775,1.05,58,57,58,0
-0.775,-0.66,-1.05,1.0277777777777777,57,58,59,0
-1.05,-0.775,-1.11,1.0083333333333333,58,59,59,0
-1.11,-1.05,-0.995,1.0138888888888888,59,59,60,0
-0.995,-1.11,-0.85,0.9916666666666667,59,60,59,0
-0.85,-0.995,-0.92,1.0166666666666666,60,59,58,0
-0.92,-0.85,-0.8,1.0277777777777777,59,58,59,0
-0.8,-0.92,-0.81,1.0083333333333333,58,59,58,0
-0.81,-0.8,-0.825,1.0277777777777777,59,58,59,0
-0.825,-0.81,-0.865,1.0166666666666666,58,59,59,0
-0.865,-0.825,-0.905,1.0027777777777778,59,59,59,0
-0.905,-0.865,-0.9,1.0166666666666666,59,59,60,0
-0.9,-0.905,-0.955,0.9944444444444445,59,60,58,0
-0.955,-0.9,-0.91,1.025,60,58,56,0
-0.91,-0.955,-0.725,1.0583333333333333,58,56,57,0
-0.725,-0.91,-0.845,1.0361111111111112,56,57,57,0
-0.845,-0.725,-0.83,1.038888888888889,57,57,56,0
-0.83,-0.845,-0.895,1.0527777777777778,57,56,57,0
-0.895,-0.83,-0.93,1.0361111111111112,56,57,59,0
-0.93,-0.895,-0.94,1.0166666666666666,57,59,58,0
-0.94,-0.93,-0.895,1.0277777777777777,59,58,59,0
-0.895,-0.94,-0.935,1.0138888888888888,58,59,58,0
-0.935,-0.895,-1.03,1.0222222222222221,59,58,61,0
-1.03,-0.935,-1.03,0.9805555555555555,58,61,61,0
-1.03,-1.03,-0.94,0.9694444444444444,61,61,58,0
-0.94,-1.03,-0.955,1.0305555555555554,61,58,60,0
-0.955,-0.94,-1.035,0.9944444444444445,58,60,61,0
-1.035,-0.955,-0.945,0.9722222222222222,60,61,59,0
-0.945,-1.035,-1.015,1.0083333333333333,61,59,60,0
-1.015,-0.945,-1.16,0.9972222222222222,59,60,61,0
-1.16,-1.015,-0.9,0.9833333333333333,60,61,60,0
-0.9,-1.16,-0.915,0.9916666666666667,61,60,60,0
-0.915,-0.9,-0.89,0.9888888888888889,60,60,60,0
-0.89,-0.915,-0.98,0.9916666666666667,60,60,59,0
-0.98,-0.89,-1.095,1.0055555555555555,60,59,59,0
-1.095,-0.98,-0.915,1.0027777777777778,59,59,59,0
-0.915,-1.095,-1.195,1.011111111111111,59,59,60,0
-1.195,-0.915,-0.9,0.9916666666666667,59,60,59,0
-0.9,-1.195,-0.835,1.0055555555555555,60,59,58,0
-0.835,-0.9,-0.86,1.0194444444444444,59,58,60,0
-0.86,-0.835,-0.96,0.9888888888888889,58,60,61,0
-0.96,-0.86,-0.905,0.9722222222222222,60,61,59,0
-0.905,-0.96,-0.825,1.0027777777777778,61,59,61,0
-0.825,-0.905,-0.89,0.9722222222222222,59,61,61,0
-0.89,-0.825,-0.93,0.9777777777777777,61,61,60,0
-0.93,-0.89,-1.065,0.9861111111111112,61,60,62,0
-1.065,-0.93,-1.075,0.9666666666666667,60,62,60,0
-1.075,-1.065,-1.12,0.9861111111111112,62,60,61,0
-1.12,-1.075,-1.0,0.9833333333333333,60,61,60,0
-1.0,-1.12,-1.115,0.9944444444444445,61,60,60,0
-1.115,-1.0,-1.04,0.9944444444444445,60,60,59,0
-1.04,-1.115,-1.055,1.0138888888888888,60,59,60,0
-1.055,-1.04,-1.04,0.9972222222222222,59,60,60,0
-1.04,-1.055,-1.025,0.9861111111111112,60,60,61,0
-1.025,-1.04,-0.945,0.975,60,61,59,0
-0.945,-1.025,-1.065,1.0027777777777778,61,59,58,0
-1.065,-0.945,-1.045,1.0277777777777777,59,58,59,0
-1.045,-1.065,-1.095,1.0027777777777778,58,59,60,0
-1.095,-1.045,-1.09,0.9888888888888889,59,60,58,0
-1.09,-1.095,-0.91,1.0222222222222221,60,58,58,0
-0.91,-1.09,-0.885,1.0194444444444444,58,58,61,0
-0.885,-0.91,-0.895,0.975,58,61,59,0
-0.895,-0.885,-1.09,1.0027777777777778,61,59,60,0
-1.09,-0.895,-1.055,0.9944444444444445,59,60,61,0
-1.055,-1.09,-0.945,0.9805555555555555,60,61,59,0
-0.945,-1.055,-0.895,1.0055555555555555,61,59,61,0
-0.895,-0.945,-0.985,0.9833333333333333,59,61,61,0
-0.985,-0.895,-1.0,0.9833333333333333,61,61,61,0
-1.0,-0.985,-0.775,0.975,61,61,61,0
-0.775,-1.0,-0.78,0.9805555555555555,61,61,62,0
-0.78,-0.775,-0.795,0.9611111111111111,61,62,61,0
-0.795,-0.78,-0.75,0.9777777777777777,62,61,62,0
-0.75,-0.795,-0.885,0.9638888888888889,61,62,62,0
-0.885,-0.75,-0.775,0.9555555555555556,62,62,63,0
-0.775,-0.885,-0.74,0.9416666666666667,62,63,61,0
-0.74,-0.775,-0.645,0.9722222222222222,63,61,60,0
-0.645,-0.74,-0.88,0.9944444444444445,61,60,61,0
-0.88,-0.645,-0.725,0.975,60,61,60,0
-0.725,-0.88,-0.87,0.9888888888888889,61,60,61,0
-0.87,-0.725,-0.895,0.9833333333333333,60,61,62,0
-0.895,-0.87,-0.795,0.9611111111111111,61,62,61,0
-0.795,-0.895,-0.8,0.9805555555555555,62,61,60,0
-0.8,-0.795,-0.775,1.0,61,60,59,0
-0.775,-0.8,-0.75,1.0027777777777778,60,59,59,0
-0.75,-0.775,-0.79,1.0027777777777778,59,59,57,0
-0.79,-0.75,-0.85,1.038888888888889,59,57,59,0
-0.85,-0.79,-0.995,1.0083333333333333,57,59,62,0
-0.995,-0.85,-0.945,0.9555555555555556,59,62,61,0
-0.945,-0.995,-0.71,0.9777777777777777,62,61,62,0
-0.71,-0.945,-0.665,0.9555555555555556,61,62,63,0
-0.665,-0.71,-0.87,0.9472222222222222,62,63,62,0
-0.87,-0.665,-1.01,0.9611111111111111,63,62,64,0
-1.01,-0.87,-0.99,0.9277777777777778,62,64,65,0
-0.99,-1.01,-0.76,0.9194444444444444,64,65,65,0
-0.76,-0.99,-0.925,0.9222222222222223,65,65,61,0
-0.925,-0.76,-0.985,0.9722222222222222,65,61,63,0
-0.985,-0.925,-0.455,0.9416666666666667,61,63,62,0
-0.455,-0.985,-0.28,0.9527777777777777,63,62,62,0
-0.28,-0.455,-0.605,0.9527777777777777,62,62,61,0
-0.605,-0.28,-1.14,0.9833333333333333,62,61,59,0
-1.14,-0.605,-1.27,1.0027777777777778,61,59,58,0
-1.27,-1.14,-1.275,1.0222222222222221,59,58,58,0
-1.275,-1.27,-1.295,1.0305555555555554,58,58,56,0
-1.295,-1.275,-1.23,1.0583333333333333,58,56,58,0
-1.23,-1.295,-1.1,1.0333333333333334,56,58,56,0
-1.1,-1.23,-1.1,1.0527777777777778,58,56,57,0
-1.1,-1.1,-0.995,1.05,56,57,56,0
-0.995,-1.1,-0.93,1.0666666666666667,57,56,55,0
-0.93,-0.995,-0.915,1.086111111111111,56,55,56,0
-0.915,-0.93,-0.87,1.0666666666666667,55,56,55,0
-0.87,-0.915,-0.785,1.0888888888888888,56,55,55,0
-0.785,-0.87,-0.985,1.0722222222222222,55,55,56,0
-0.985,-0.785,-0.93,1.0694444444444444,55,56,57,0
-0.93,-0.985,-0.815,1.0361111111111112,56,57,58,0
-0.815,-0.93,-0.88,1.0333333333333334,57,58,57,0
-0.88,-0.815,-0.925,1.0444444444444445,58,57,56,0
-0.925,-0.88,-1.1,1.0694444444444444,57,56,59,0
-1.1,-0.925,-1.08,1.0138888888888888,56,59,59,0
-1.08,-1.1,-1.035,1.0166666666666666,59,59,56,0
-1.035,-1.08,-0.9,1.0638888888888889,59,56,56,0
-0.9,-1.035,-0.81,1.0527777777777778,56,56,57,0
-0.81,-0.9,-0.895,1.038888888888889,56,57,57,0
-0.895,-0.81,-0.875,1.0416666666666667,57,57,58,0
-0.875,-0.895,-0.99,1.025,57,58,57,0
-0.99,-0.875,-1.095,1.0472222222222223,58,57,57,0
-1.095,-0.99,-1.065,1.0472222222222223,57,57,59,0
-1.065,-1.095,-1.13,1.0166666666666666,57,59,56,0
-1.13,-1.065,-1.115,1.0666666666666667,59,56,56,0
-1.115,-1.13,-0.975,1.0611111111111111,56,56,59,0
-0.975,-1.115,-1.025,1.0166666666666666,56,59,57,0
-1.025,-0.975,-0.95,1.0416666666666667,59,57,57,0
-0.95,-1.025,-1.01,1.0444444444444445,57,57,55,0
-1.01,-0.95,-1.09,1.0777777777777777,57,55,57,0
-1.09,-1.01,-0.945,1.0416666666666667,55,57,57,0
-0.945,-1.09,-0.95,1.0416666666666667,57,57,57,0
-0.95,-0.945,-0.875,1.0472222222222223,57,57,57,0
-0.875,-0.95,-0.985,1.05,57,57,58,0
-0.985,-0.875,-1.175,1.0305555555555554,57,58,57,0
-1.175,-0.985,-1.22,1.038888888888889,58,57,85,0
-1.22,-1.175,-1.265,0.7,57,85,47,0
-1.265,-1.22,-1.18,1.2666666666666666,85,47,104,2
-1.18,-1.265,-0.62,0.5722222222222222,47,104,41,0
-0.62,-1.18,-1.31,1.4583333333333333,104,41,56,1
-1.31,-0.62,-1.13,1.0555555555555556,41,56,58,0
-1.13,-1.31,-1.17,1.0222222222222221,56,58,60,0
-1.17,-1.13,-1.16,0.9888888888888889,58,60,57,0
-1.16,-1.17,-1.01,1.0416666666666667,60,57,58,0
-1.01,-1.16,-1.105,1.025,57,58,57,0
-1.105,-1.01,-1.095,1.0416666666666667,58,57,57,0
-1.095,-1.105,-1.17,1.0472222222222223,57,57,58,0
-1.17,-1.095,-1.215,1.0194444444444444,57,58,57,0
-1.215,-1.17,-1.25,1.0416666666666667,58,57,60,0
-1.25,-1.215,-1.135,1.0,57,60,59,0
-1.135,-1.25,-1.115,1.011111111111111,60,59,58,0
-1.115,-1.135,-1.055,1.0194444444444444,59,58,60,0
-1.055,-1.115,-1.065,0.9888888888888889,58,60,59,0
-1.065,-1.055,-1.005,1.0138888888888888,60,59,59,0
-1.005,-1.065,-1.1,1.0138888888888888,59,59,60,0
-1.1,-1.005,-1.025,0.9944444444444445,59,60,60,0
-1.025,-1.1,-0.915,1.0,60,60,58,0
-0.915,-1.025,-0.61,1.0333333333333334,60,58,60,0
-0.61,-0.915,-0.905,1.0,58,60,60,0
-0.905,-0.61,-1.195,0.9861111111111112,60,60,60,0
-1.195,-0.905,-1.365,0.9972222222222222,60,60,60,0
-1.365,-1.195,-1.235,0.9888888888888889,60,60,59,0
-1.235,-1.365,-1.335,1.0027777777777778,60,59,60,0
-1.335,-1.235,-1.245,0.9861111111111112,59,60,61,0
-1.245,-1.335,-1.13,0.9805555555555555,60,61,58,0
-1.13,-1.245,-1.09,1.0194444444444444,61,58,59,0
-1.09,-1.13,-1.03,1.0027777777777778,58,59,60,0
-1.03,-1.09,-1.02,0.9916666666666667,59,60,60,0
-1.02,-1.03,-1.095,1.0,60,60,61,0
-1.095,-1.02,-1.045,0.9777777777777777,60,61,60,0
-1.045,-1.095,-1.065,0.9916666666666667,61,60,59,0
-1.065,-1.045,-0.985,1.0083333333333333,60,59,60,0
-0.985,-1.065,-1.08,0.9888888888888889,59,60,59,0
-1.08,-0.985,-0.86,1.0027777777777778,60,59,59,0
-0.86,-1.08,-0.795,1.011111111111111,59,59,59,0
-0.795,-0.86,-0.975,1.0027777777777778,59,59,60,0
-0.975,-0.795,-1.235,0.9944444444444445,59,60,59,0
-1.235,-0.975,-1.255,1.011111111111111,60,59,60,0
-1.255,-1.235,-1.295,0.9916666666666667,59,60,59,0
-1.295,-1.255,-1.04,1.0027777777777778,60,59,60,0
-1.04,-1.295,-1.045,0.9888888888888889,59,60,61,0
-1.045,-1.04,-1.02,0.9833333333333333,60,61,59,0
-1.02,-1.045,-0.94,1.0027777777777778,61,59,60,0
-0.94,-1.02,-0.88,0.9888888888888889,59,60,60,0
-0.88,-0.94,-0.82,0.9888888888888889,60,60,59,0
-0.82,-0.88,-0.925,1.0027777777777778,60,59,60,0
-0.925,-0.82,-0.945,0.9972222222222222,59,60,60,0
-0.945,-0.925,-0.905,0.9972222222222222,60,60,58,0
-0.905,-0.945,-0.745,1.0305555555555554,60,58,59,0
-0.745,-0.905,-0.81,1.0166666666666666,58,59,59,0
-0.81,-0.745,-0.855,1.011111111111111,59,59,58,0
-0.855,-0.81,-0.985,1.0194444444444444,59,58,60,0
-0.985,-0.855,-0.855,1.0,58,60,62,0
-0.855,-0.985,-0.61,0.9583333333333334,60,62,63,0
-0.61,-0.855,-0.88,0.95,62,63,62,0
-0.88,-0.61,-1.085,0.9583333333333334,63,62,61,0
-1.085,-0.88,-1.175,0.9833333333333333,62,61,60,0
-1.175,-1.085,-1.255,0.9972222222222222,61,60,62,0
-1.255,-1.175,-1.245,0.9666666666666667,60,62,59,0
-1.245,-1.255,-1.145,1.0138888888888888,62,59,57,0
-1.145,-1.245,-1.075,1.0361111111111112,59,57,57,0
-1.075,-1.145,-1.085,1.0444444444444445,57,57,57,0
-1.085,-1.075,-1.145,1.0361111111111112,57,57,59,0
-1.145,-1.085,-1.13,1.0055555555555555,57,59,58,0
-1.13,-1.145,-1.1,1.0305555555555554,59,58,57,0
-1.1,-1.13,-1.075,1.05,58,57,59,0
-1.075,-1.1,-1.035,1.0027777777777778,57,59,61,0
-1.035,-1.075,-0.45,0.9833333333333333,59,61,58,0
-0.45,-1.035,-0.44,1.0277777777777777,61,58,60,0
-0.44,-0.45,-0.77,0.9916666666666667,58,60,61,0
-0.77,-0.44,-1.205,0.9833333333333333,60,61,60,0
-1.205,-0.77,-1.405,0.9916666666666667,61,60,60,0
-1.405,-1.205,-1.45,0.9888888888888889,60,60,60,0
-1.45,-1.405,-1.275,0.9944444444444445,60,60,60,0
-1.275,-1.45,-1.31,0.9916666666666667,60,60,60,0
-1.31,-1.275,-1.265,0.9888888888888889,60,60,60,0
-1.265,-1.31,-1.205,1.0,60,60,59,0
-1.205,-1.265,-1.155,1.0055555555555555,60,59,60,0
-1.155,-1.205,-1.085,0.9944444444444445,59,60,60,0
-1.085,-1.155,-1.02,1.0,60,60,59,0
-1.02,-1.085,-0.91,1.0083333333333333,60,59,59,0
-0.91,-1.02,-0.855,1.0138888888888888,59,59,58,0
-0.855,-0.91,-0.865,1.0277777777777777,59,58,59,0
-0.865,-0.855,-0.875,1.0138888888888888,58,59,58,0
-0.875,-0.865,-0.845,1.025,59,58,58,0
-0.845,-0.875,-0.875,1.0333333333333334,58,58,57,0
-0.875,-0.845,-0.81,1.0361111111111112,58,57,59,0
-0.81,-0.875,-0.81,1.0138888888888888,57,59,60,0
-0.81,-0.81,-0.95,1.0,59,60,58,0
-0.95,-0.81,-1.04,1.0194444444444444,60,58,59,0
-1.04,-0.95,-1.195,1.0166666666666666,58,59,61,0
-1.195,-1.04,-1.145,0.9833333333333333,59,61,60,0
-1.145,-1.195,-1.045,1.0,61,60,57,0
-1.045,-1.145,-1.12,1.0361111111111112,60,57,59,0
-1.12,-1.045,-1.13,1.0055555555555555,57,59,59,0
-1.13,-1.12,-0.96,1.0083333333333333,59,59,58,0
-0.96,-1.13,-0.915,1.0305555555555554,59,58,59,0
-0.915,-0.96,-0.92,1.011111111111111,58,59,59,0
-0.92,-0.915,-0.965,1.0138888888888888,59,59,59,0
-0.965,-0.92,-1.06,1.0055555555555555,59,59,59,0
-1.06,-0.965,-1.0,1.0027777777777778,59,59,58,0
-1.0,-1.06,-0.66,1.0333333333333334,59,58,58,0
-0.66,-1.0,-0.865,1.025,58,58,60,0
-0.865,-0.66,-1.005,0.9972222222222222,58,60,60,0
-1.005,-0.865,-0.85,0.9861111111111112,60,60,60,0
-0.85,-1.005,-0.645,0.9888888888888889,60,60,59,0
-0.645,-0.85,-0.605,1.0027777777777778,60,59,58,0
-0.605,-0.645,-0.905,1.025,59,58,58,0
-0.905,-0.605,-0.87,1.0194444444444444,58,58,58,0
-0.87,-0.905,-1.095,1.0194444444444444,58,58,58,0
-1.095,-0.87,-1.12,1.0277777777777777,58,58,58,0
-1.12,-1.095,-1.16,1.0194444444444444,58,58,60,0
-1.16,-1.12,-1.025,0.9972222222222222,58,60,60,0
-1.025,-1.16,-0.985,0.9944444444444445,60,60,60,0
-0.985,-1.025,-1.15,0.9972222222222222,60,60,59,0
-1.15,-0.985,-1.13,1.0138888888888888,60,59,59,0
-1.13,-1.15,-1.025,1.0138888888888888,59,59,60,0
-1.025,-1.13,-1.02,0.9944444444444445,59,60,57,0
-1.02,-1.025,-1.015,1.0472222222222223,60,57,58,0
-1.015,-1.02,-1.04,1.025,57,58,59,0
-1.04,-1.015,-1.01,1.0166666666666666,58,59,57,0
-1.01,-1.04,-0.88,1.0472222222222223,59,57,58,0
-0.88,-1.01,-0.985,1.025,57,58,59,0
-0.985,-0.88,-1.025,1.0166666666666666,58,59,57,0
-1.025,-0.985,-0.995,1.038888888888889,59,57,58,0
-0.995,-1.025,-1.105,1.0333333333333334,57,58,58,0
-1.105,-0.995,-1.145,1.0333333333333334,58,58,58,0
-1.145,-1.105,-1.165,1.0277777777777777,58,58,57,0
-1.165,-1.145,-1.28,1.0361111111111112,58,57,57,0
-1.28,-1.165,-0.705,1.0444444444444445,57,57,58,0
-0.705,-1.28,-0.705,1.0277777777777777,57,58,58,0
-0.705,-0.705,-1.035,1.0333333333333334,58,58,57,0
-1.035,-0.705,-1.345,1.05,58,57,58,0
-1.345,-1.035,-1.265,1.0333333333333334,57,58,57,0
-1.265,-1.345,-1.26,1.0472222222222223,58,57,57,0
-1.26,-1.265,-1.275,1.0472222222222223,57,57,58,0
-1.275,-1.26,-1.295,1.025,57,58,57,0
-1.295,-1.275,-1.16,1.0361111111111112,58,57,58,0
-1.16,-1.295,-1.12,1.0333333333333334,57,58,57,0
-1.12,-1.16,-1.065,1.0444444444444445,58,57,56,0
-1.065,-1.12,-0.87,1.0694444444444444,57,56,57,0
-0.87,-1.065,-1.02,1.038888888888889,56,57,56,0
-1.02,-0.87,-1.065,1.0583333333333333,57,56,56,0
-1.065,-1.02,-0.91,1.0611111111111111,56,56,56,0
-0.91,-1.065,-0.91,1.0555555555555556,56,56,57,0
-0.91,-0.91,-0.86,1.0444444444444445,56,57,59,0
-0.86,-0.91,-0.91,1.011111111111111,57,59,58,0
-0.91,-0.86,-0.835,1.0333333333333334,59,58,57,0
-0.835,-0.91,-0.775,1.038888888888889,58,57,59,0
-0.775,-0.835,-0.925,1.0166666666666666,57,59,59,0
-0.925,-0.775,-0.895,1.011111111111111,59,59,58,0
-0.895,-0.925,-1.005,1.0305555555555554,59,58,58,0
-1.005,-0.895,-0.99,1.0333333333333334,58,58,59,0
-0.99,-1.005,-1.055,1.0055555555555555,58,59,58,0
-1.055,-0.99,-1.0,1.025,59,58,58,0
-1.0,-1.055,-0.965,1.0333333333333334,58,58,57,0
-0.965,-1.0,-0.89,1.0361111111111112,58,57,57,0
-0.89,-0.965,-1.065,1.0416666666666667,57,57,57,0
-1.065,-0.89,-1.085,1.038888888888889,57,57,56,0
-1.085,-1.065,-1.165,1.0555555555555556,57,56,57,0
-1.165,-1.085,-1.155,1.0361111111111112,56,57,58,0
-1.155,-1.165,-1.11,1.0277777777777777,57,58,58,0
-1.11,-1.155,-0.97,1.0333333333333334,58,58,57,0
-0.97,-1.11,-1.055,1.038888888888889,58,57,56,0
-1.055,-0.97,-1.09,1.0555555555555556,57,56,57,0
-1.09,-1.055,-1.115,1.0361111111111112,56,57,57,0
-1.115,-1.09,-1.09,1.0416666666666667,57,57,57,0
-1.09,-1.115,-1.1,1.05,57,57,57,0
-1.1,-1.09,-1.15,1.0416666666666667,57,57,57,0
-1.15,-1.1,-1.02,1.0361111111111112,57,57,57,0
-1.02,-1.15,-0.985,1.0361111111111112,57,57,57,0
-0.985,-1.02,-0.75,1.0472222222222223,57,57,57,0
-0.75,-0.985,-0.575,1.0444444444444445,57,57,57,0
-0.575,-0.75,-0.875,1.05,57,57,57,0
-0.875,-0.575,-1.24,1.038888888888889,57,57,56,0
-1.24,-0.875,-1.39,1.0583333333333333,57,56,57,0
-1.39,-1.24,-1.335,1.0361111111111112,56,57,57,0
-1.335,-1.39,-1.205,1.038888888888889,57,57,57,0
-1.205,-1.335,-1.225,1.0444444444444445,57,57,58,0
-1.225,-1.205,-1.095,1.025,57,58,56,0
-1.095,-1.225,-1.095,1.0527777777777778,58,56,57,0
-1.095,-1.095,-1.03,1.0472222222222223,56,57,58,0
-1.03,-1.095,-1.065,1.0277777777777777,57,58,57,0
-1.065,-1.03,-1.085,1.0361111111111112,58,57,56,0
-1.085,-1.065,-1.01,1.0527777777777778,57,56,57,0
-1.01,-1.085,-0.79,1.0416666666666667,56,57,58,0
-0.79,-1.01,-0.8,1.0277777777777777,57,58,59,0
-0.8,-0.79,-0.865,1.0166666666666666,58,59,58,0
-0.865,-0.8,-0.88,1.0333333333333334,59,58,56,0
-0.88,-0.865,-0.88,1.0666666666666667,58,56,57,0
-0.88,-0.88,-0.98,1.05,56,57,56,0
-0.98,-0.88,-1.105,1.0583333333333333,57,56,55,0
-1.105,-0.98,-0.975,1.0722222222222222,56,55,56,0
-0.975,-1.105,-1.08,1.0638888888888889,55,56,56,0
-1.08,-0.975,-1.075,1.0555555555555556,56,56,57,0
-1.075,-1.08,-1.05,1.0361111111111112,56,57,57,0
-1.05,-1.075,-1.165,1.0472222222222223,57,57,55,0
-1.165,-1.05,-1.08,1.0722222222222222,57,55,56,0
-1.08,-1.165,-0.985,1.0527777777777778,55,56,56,0
-0.985,-1.08,-1.07,1.0527777777777778,56,56,55,0
-1.07,-0.985,-1.1,1.0722222222222222,56,55,56,0
-1.1,-1.07,-1.155,1.0666666666666667,55,56,56,0
-1.155,-1.1,-0.925,1.0527777777777778,56,56,56,0
-0.925,-1.155,-0.77,1.0583333333333333,56,56,58,0
-0.77,-0.925,-0.665,1.0277777777777777,56,58,56,0
-0.665,-0.77,-0.79,1.0555555555555556,58,56,58,0
-0.79,-0.665,-0.87,1.025,56,58,58,0
-0.87,-0.79,-0.935,1.0194444444444444,58,58,57,0
-0.935,-0.87,-0.995,1.0444444444444445,58,57,58,0
-0.995,-0.935,-1.015,1.0222222222222221,57,58,60,0
-1.015,-0.995,-1.055,0.9972222222222222,58,60,58,0
-1.055,-1.015,-0.97,1.0222222222222221,60,58,59,0
-0.97,-1.055,-0.91,1.0166666666666666,58,59,59,0
-0.91,-0.97,-0.89,1.0083333333333333,59,59,59,0
-0.89,-0.91,-0.965,1.0055555555555555,59,59,60,0
-0.965,-0.89,-1.03,0.9916666666666667,59,60,58,0
-1.03,-0.965,-1.055,1.025,60,58,59,0
-1.055,-1.03,-0.98,1.0138888888888888,58,59,60,0
-0.98,-1.055,-1.04,0.9888888888888889,59,60,60,0
-1.04,-0.98,-1.115,0.9972222222222222,60,60,61,0
-1.115,-1.04,-1.05,0.9694444444444444,60,61,60,0
-1.05,-1.115,-0.94,1.0,61,60,58,0
-0.94,-1.05,-1.01,1.0194444444444444,60,58,60,0
-1.01,-0.94,-1.08,0.9944444444444445,58,60,59,0
-1.08,-1.01,-1.175,1.0083333333333333,60,59,58,0
-1.175,-1.08,-1.065,1.0222222222222221,59,58,60,0
-1.065,-1.175,-0.945,1.0,58,60,61,0
-0.945,-1.065,-0.695,0.9833333333333333,60,61,59,0
-0.695,-0.945,-0.75,1.0027777777777778,61,59,59,0
-0.75,-0.695,-0.965,1.0027777777777778,59,59,60,0
-0.965,-0.75,-1.215,1.0,59,60,61,0
-1.215,-0.965,-1.145,0.975,60,61,61,0
-1.145,-1.215,-1.185,0.975,61,61,59,0
-1.185,-1.145,-1.225,1.0055555555555555,61,59,61,0
-1.225,-1.185,-1.225,0.975,59,61,61,0
-1.225,-1.225,-1.15,0.9833333333333333,61,61,58,0
-1.15,-1.225,-1.34,1.0222222222222221,61,58,59,0
-1.34,-1.15,-1.2,1.0166666666666666,58,59,58,0
-1.2,-1.34,-1.145,1.0194444444444444,59,58,57,0
-1.145,-1.2,-1.255,1.0361111111111112,58,57,57,0
-1.255,-1.145,-1.14,1.0361111111111112,57,57,56,0
-1.14,-1.255,-1.015,1.0555555555555556,57,56,57,0
-1.015,-1.14,-0.8,1.0361111111111112,56,57,58,0
-0.8,-1.015,-0.8,1.0222222222222221,57,58,58,0
-0.8,-0.8,-0.76,1.0333333333333334,58,58,57,0
-0.76,-0.8,-0.77,1.0416666666666667,58,57,57,0
-0.77,-0.76,-0.81,1.0444444444444445,57,57,56,0
-0.81,-0.77,-0.8,1.0583333333333333,57,56,57,0
-0.8,-0.81,-0.93,1.038888888888889,56,57,57,0
-0.93,-0.8,-0.82,1.0472222222222223,57,57,57,0
-0.82,-0.93,-0.88,1.038888888888889,57,57,58,0
-0.88,-0.82,-0.92,1.0194444444444444,57,58,58,0
-0.92,-0.88,-0.94,1.0222222222222221,58,58,57,0
-0.94,-0.92,-1.025,1.0472222222222223,58,57,58,0
-1.025,-0.94,-1.07,1.0333333333333334,57,58,57,0
-1.07,-1.025,-1.075,1.05,58,57,57,0
-1.075,-1.07,-1.215,1.038888888888889,57,57,56,0
-1.215,-1.075,-1.14,1.0527777777777778,57,56,56,0
-1.14,-1.215,-1.075,1.0527777777777778,56,56,56,0
-1.075,-1.14,-0.95,1.0527777777777778,56,56,57,0
-0.95,-1.075,-1.02,1.038888888888889,56,57,58,0
-1.02,-0.95,-1.005,1.0194444444444444,57,58,58,0
-1.005,-1.02,-0.73,1.0333333333333334,58,58,57,0
-0.73,-1.005,-0.595,1.0472222222222223,58,57,58,0
-0.595,-0.73,-0.875,1.0277777777777777,57,58,59,0
-0.875,-0.595,-0.96,1.0083333333333333,58,59,58,0
-0.96,-0.875,-0.9,1.0305555555555554,59,58,60,0
-0.9,-0.96,-0.61,0.9944444444444445,58,60,59,0
-0.61,-0.9,-0.36,1.0027777777777778,60,59,60,0
-0.36,-0.61,-0.4,0.9972222222222222,59,60,59,0
-0.4,-0.36,-0.84,1.0055555555555555,60,59,59,0
-0.84,-0.4,-1.23,1.0166666666666666,59,59,57,0
-1.23,-0.84,-1.43,1.0361111111111112,59,57,59,0
-1.43,-1.23,-1.425,1.0055555555555555,57,59,58,0
-1.425,-1.43,-1.41,1.025,59,58,58,0
-1.41,-1.425,-1.21,1.0333333333333334,58,58,59,0
-1.21,-1.41,-1.08,1.0166666666666666,58,59,57,0
-1.08,-1.21,-1.05,1.0361111111111112,59,57,59,0
-1.05,-1.08,-1.005,1.0083333333333333,57,59,59,0
-1.005,-1.05,-0.92,1.0138888888888888,59,59,57,0
-0.92,-1.005,-0.955,1.0361111111111112,59,57,59,0
-0.955,-0.92,-0.95,1.0138888888888888,57,59,59,0
-0.95,-0.955,-1.01,1.0055555555555555,59,59,58,0
-1.01,-0.95,-0.985,1.0222222222222221,59,58,59,0
-0.985,-1.01,-0.97,1.0138888888888888,58,59,60,0
-0.97,-0.985,-0.855,0.9916666666666667,59,60,60,0
-0.855,-0.97,-0.91,0.9972222222222222,60,60,59,0
-0.91,-0.855,-0.8,1.0138888888888888,60,59,58,0
-0.8,-0.91,-0.8,1.0222222222222221,59,58,60,0
-0.8,-0.8,-1.055,0.9944444444444445,58,60,60,0
-1.055,-0.8,-0.965,0.9861111111111112,60,60,59,0
-0.965,-1.055,-0.965,1.0138888888888888,60,59,61,0
-0.965,-0.965,-0.945,0.9722222222222222,59,61,63,0
-0.945,-0.965,-0.995,0.9416666666666667,61,63,60,0
-0.995,-0.945,-0.95,0.9972222222222222,63,60,61,0
-0.95,-0.995,-0.855,0.975,60,61,58,0
-0.855,-0.95,-1.015,1.0194444444444444,61,58,58,0
-1.015,-0.855,-0.965,1.025,58,58,59,0
-0.965,-1.015,-1.07,1.0138888888888888,58,59,57,0
-1.07,-0.965,-1.31,1.05,59,57,56,0
-1.31,-1.07,-1.24,1.0694444444444444,57,56,57,0
-1.24,-1.31,-0.98,1.05,56,57,56,0
-0.98,-1.24,-0.68,1.0583333333333333,57,56,56,0
-0.68,-0.98,-0.63,1.0611111111111111,56,56,55,0
-0.63,-0.68,-0.715,1.0722222222222222,56,55,55,0
-0.715,-0.63,-0.835,1.086111111111111,55,55,56,0
-0.835,-0.715,-0.915,1.0555555555555556,55,56,55,0
-0.915,-0.835,-0.925,1.0888888888888888,56,55,54,0
-0.925,-0.915,-0.945,1.1,55,54,56,0
-0.945,-0.925,-1.015,1.0638888888888889,54,56,56,0
-1.015,-0.945,-1.005,1.0583333333333333,56,56,56,0
-1.005,-1.015,-0.93,1.0583333333333333,56,56,56,0
-0.93,-1.005,-0.945,1.0583333333333333,56,56,56,0
-0.945,-0.93,-0.95,1.0694444444444444,56,56,59,0
-0.95,-0.945,-0.89,1.0166666666666666,56,59,56,0
-0.89,-0.95,-0.89,1.0638888888888889,59,56,56,0
-0.89,-0.89,-0.92,1.0611111111111111,56,56,56,0
-0.92,-0.89,-0.81,1.0638888888888889,56,56,58,0
-0.81,-0.92,-0.69,1.0305555555555554,56,58,58,0
-0.69,-0.81,-0.905,1.0305555555555554,58,58,56,0
-0.905,-0.69,-0.895,1.0527777777777778,58,56,57,0
-0.895,-0.905,-0.89,1.0472222222222223,56,57,58,0
-0.89,-0.895,-0.94,1.0305555555555554,57,58,57,0
-0.94,-0.89,-1.04,1.0444444444444445,58,57,55,0
-1.04,-0.94,-1.09,1.075,57,55,56,0
-1.09,-1.04,-1.135,1.0583333333333333,55,56,57,0
-1.135,-1.09,-0.92,1.0361111111111112,56,57,56,0
-0.92,-1.135,-0.82,1.0583333333333333,57,56,56,0
-0.82,-0.92,-0.49,1.0611111111111111,56,56,55,0
-0.49,-0.82,-0.155,1.0777777777777777,56,55,59,0
-0.155,-0.49,-0.27,1.0166666666666666,55,59,57,0
-0.27,-0.155,-0.855,1.0444444444444445,59,57,57,0
-0.855,-0.27,-1.17,1.05,57,57,57,0
-1.17,-0.855,-1.42,1.0444444444444445,57,57,58,0
-1.42,-1.17,-1.4,1.0305555555555554,57,58,59,0
-1.4,-1.42,-1.48,1.0166666666666666,58,59,60,0
-1.48,-1.4,-1.19,0.9861111111111112,59,60,58,0
-1.19,-1.48,-0.86,1.0333333333333334,60,58,59,0
-0.86,-1.19,-0.945,1.0083333333333333,58,59,60,0
-0.945,-0.86,-1.06,0.9944444444444445,59,60,57,0
-1.06,-0.945,-1.135,1.038888888888889,60,57,58,0
-1.135,-1.06,-1.055,1.0305555555555554,57,58,58,0
-1.055,-1.135,-0.66,1.0305555555555554,58,58,56,0
-0.66,-1.055,-0.685,1.0583333333333333,58,56,57,0
-0.685,-0.66,-1.01,1.05,56,57,57,0
-1.01,-0.685,-1.105,1.0361111111111112,57,57,58,0
-1.105,-1.01,-1.33,1.0333333333333334,57,58,58,0
-1.33,-1.105,-1.235,1.0277777777777777,58,58,56,0
-1.235,-1.33,-1.075,1.0555555555555556,58,56,58,0
-1.075,-1.235,-0.935,1.0194444444444444,56,58,58,0
-0.935,-1.075,-0.855,1.0333333333333334,58,58,56,0
-0.855,-0.935,-0.815,1.0555555555555556,58,56,58,0
-0.815,-0.855,-0.805,1.0305555555555554,56,58,57,0
-0.805,-0.815,-0.61,1.0361111111111112,58,57,57,0
-0.61,-0.805,-0.57,1.05,57,57,58,0
-0.57,-0.61,-0.61,1.0305555555555554,57,58,58,0
-0.61,-0.57,-0.845,1.0333333333333334,58,58,58,0
-0.845,-0.61,-1.01,1.0222222222222221,58,58,60,0
-1.01,-0.845,-1.265,0.9888888888888889,58,60,59,0
-1.265,-1.01,-1.12,1.0083333333333333,60,59,60,0
-1.12,-1.265,-0.96,0.9972222222222222,59,60,58,0
-0.96,-1.12,-0.84,1.025,60,58,58,0
-0.84,-0.96,-0.875,1.0333333333333334,58,58,58,0
-0.875,-0.84,-0.895,1.0333333333333334,58,58,57,0
-0.895,-0.875,-0.795,1.0472222222222223,58,57,57,0
-0.795,-0.895,-0.695,1.0416666666666667,57,57,59,0
-0.695,-0.795,-0.68,1.011111111111111,57,59,56,0
-0.68,-0.695,-0.775,1.0555555555555556,59,56,56,0
-0.775,-0.68,-0.77,1.0638888888888889,56,56,56,0
-0.77,-0.775,-0.845,1.0527777777777778,56,56,55,0
-0.845,-0.77,-0.82,1.0722222222222222,56,55,57,0
-0.82,-0.845,-0.79,1.0416666666666667,55,57,56,0
-0.79,-0.82,-0.745,1.0555555555555556,57,56,55,0
-0.745,-0.79,-0.82,1.075,56,55,56,0
-0.82,-0.745,-0.85,1.0638888888888889,55,56,56,0
-0.85,-0.82,-0.82,1.0638888888888889,56,56,56,0
-0.82,-0.85,-0.85,1.0666666666666667,56,56,55,0
-0.85,-0.82,-0.885,1.075,56,55,56,0
-0.885,-0.85,-0.95,1.0638888888888889,55,56,57,0
-0.95,-0.885,-0.95,1.0416666666666667,56,57,56,0
-0.95,-0.95,-1.09,1.0583333333333333,57,56,56,0
-1.09,-0.95,-0.95,1.0527777777777778,56,56,56,0
-0.95,-1.09,-1.05,1.0583333333333333,56,56,56,0
-1.05,-0.95,-1.055,1.0666666666666667,56,56,57,0
-1.055,-1.05,-1.055,1.0472222222222223,56,57,56,0
-1.055,-1.055,-1.175,1.0583333333333333,57,56,57,0
-1.175,-1.055,-0.995,1.0444444444444445,56,57,58,0
-0.995,-1.175,-0.98,1.0333333333333334,57,58,57,0
-0.98,-0.995,-0.84,1.05,58,57,56,0
-0.84,-0.98,-0.775,1.0694444444444444,57,56,56,0
-0.775,-0.84,-0.73,1.0638888888888889,56,56,55,0
-0.73,-0.775,-0.66,1.0777777777777777,56,55,56,0
-0.66,-0.73,-0.78,1.0583333333333333,55,56,57,0
-0.78,-0.66,-0.885,1.05,56,57,57,0
-0.885,-0.78,-0.88,1.0416666666666667,57,57,58,0
-0.88,-0.885,-0.9,1.0333333333333334,57,58,57,0
-0.9,-0.88,-0.95,1.0472222222222223,58,57,56,0
-0.95,-0.9,-1.065,1.0583333333333333,57,56,57,0
-1.065,-0.95,-0.95,1.05,56,57,57,0
-0.95,-1.065,-0.965,1.038888888888889,57,57,56,0
-0.965,-0.95,-0.915,1.0555555555555556,57,56,56,0
-0.915,-0.965,-0.895,1.0694444444444444,56,56,56,0
-0.895,-0.915,-0.875,1.0527777777777778,56,56,58,0
-0.875,-0.895,-0.95,1.0333333333333334,56,58,58,0
-0.95,-0.875,-1.04,1.0277777777777777,58,58,57,0
-1.04,-0.95,-0.94,1.0361111111111112,58,57,60,0
-0.94,-1.04,-0.85,0.9972222222222222,57,60,59,0
-0.85,-0.94,-0.86,1.0083333333333333,60,59,59,0
-0.86,-0.85,-0.98,1.0138888888888888,59,59,58,0
-0.98,-0.86,-0.91,1.0194444444444444,59,58,58,0
-0.91,-0.98,-0.905,1.025,58,58,58,0
-0.905,-0.91,-0.865,1.025,58,58,61,0
-0.865,-0.905,-0.78,0.9777777777777777,58,61,58,0
-0.78,-0.865,-0.59,1.025,61,58,58,0
-0.59,-0.78,-0.235,1.0222222222222221,58,58,58,0
-0.235,-0.59,-0.395,1.025,58,58,57,0
-0.395,-0.235,-0.565,1.0472222222222223,58,57,57,0
-0.565,-0.395,-0.775,1.0444444444444445,57,57,57,0
-0.775,-0.565,-1.255,1.05,57,57,57,0
-1.255,-0.775,-1.53,1.038888888888889,57,57,58,0
-1.53,-1.255,-1.55,1.025,57,58,62,0
-1.55,-1.53,-1.325,0.9638888888888889,58,62,61,0
-1.325,-1.55,-1.015,0.9777777777777777,62,61,58,0
-1.015,-1.325,-0.835,1.0277777777777777,61,58,58,0
-0.835,-1.015,-0.74,1.0194444444444444,58,58,59,0
-0.74,-0.835,-0.665,1.0166666666666666,58,59,58,0
-0.665,-0.74,-0.695,1.0277777777777777,59,58,56,0
-0.695,-0.665,-0.545,1.0555555555555556,58,56,57,0
-0.545,-0.695,-0.62,1.0472222222222223,56,57,56,0
-0.62,-0.545,-0.745,1.0583333333333333,57,56,56,0
-0.745,-0.62,-0.665,1.0527777777777778,56,56,56,0
-0.665,-0.745,-0.7,1.0611111111111111,56,56,56,0
-0.7,-0.665,-0.765,1.0527777777777778,56,56,56,0
-0.765,-0.7,-0.75,1.0527777777777778,56,56,57,0
-0.75,-0.765,-0.73,1.05,56,57,57,0
-0.73,-0.75,-0.695,1.0444444444444445,57,57,58,0
-0.695,-0.73,-0.73,1.0194444444444444,57,58,58,0
-0.73,-0.695,-0.77,1.025,58,58,57,0
-0.77,-0.73,-0.895,1.0416666666666667,58,57,59,0
-0.895,-0.77,-0.855,1.011111111111111,57,59,61,0
-0.855,-0.895,-0.9,0.9833333333333333,59,61,59,0
-0.9,-0.855,-0.855,1.0027777777777778,61,59,58,0
-0.855,-0.9,-0.87,1.0222222222222221,59,58,58,0
-0.87,-0.855,-1.0,1.025,58,58,59,0
-1.0,-0.87,-1.04,1.0166666666666666,58,59,59,0
-1.04,-1.0,-1.065,1.011111111111111,59,59,58,0
-1.065,-1.04,-0.995,1.0277777777777777,59,58,59,0
-0.995,-1.065,-1.135,1.0083333333333333,58,59,65,0
-1.135,-0.995,-1.02,0.9166666666666666,59,65,64,0
-1.02,-1.135,-0.41,0.9333333333333333,65,64,65,0
-0.41,-1.02,0.035,0.9166666666666666,64,65,66,0
0.035,-0.41,-0.335,0.9027777777777778,65,66,65,0
-0.335,0.035,-0.935,0.9194444444444444,66,65,66,0
-0.935,-0.335,-1.16,0.9,65,66,67,0
-1.16,-0.935,-1.265,0.8861111111111111,66,67,64,0
-1.265,-1.16,-1.395,0.9277777777777778,67,64,65,0
-1.395,-1.265,-1.355,0.9138888888888889,64,65,64,0
-1.355,-1.395,-1.46,0.925,65,64,63,0
-1.46,-1.355,-1.345,0.9388888888888889,64,63,65,0
-1.345,-1.46,-1.02,0.9222222222222223,63,65,65,0
-1.02,-1.345,-0.84,0.9111111111111111,65,65,64,0
-0.84,-1.02,-0.825,0.9361111111111111,65,64,64,0
-0.825,-0.84,-0.795,0.9277777777777778,64,64,65,0
-0.795,-0.825,-0.7,0.9222222222222223,64,65,62,0
-0.7,-0.795,-0.735,0.9555555555555556,65,62,65,0
-0.735,-0.7,-0.69,0.9222222222222223,62,65,64,0
-0.69,-0.735,-0.74,0.9333333333333333,65,64,63,0
-0.74,-0.69,-0.825,0.9388888888888889,64,63,64,0
-0.825,-0.74,-0.82,0.9305555555555556,63,64,62,0
-0.82,-0.825,-0.79,0.9666666666666667,64,62,60,0
-0.79,-0.82,-0.835,0.9861111111111112,62,60,62,0
-0.835,-0.79,-0.995,0.9555555555555556,60,62,63,0
-0.995,-0.835,-0.91,0.9444444444444444,62,63,61,0
-0.91,-0.995,-1.09,0.9833333333333333,63,61,62,0
-1.09,-0.91,-1.185,0.9555555555555556,61,62,63,0
-1.185,-1.09,-1.07,0.9388888888888889,62,63,61,0
-1.07,-1.185,-0.865,0.9694444444444444,63,61,61,0
-0.865,-1.07,-0.76,0.9694444444444444,61,61,61,0
-0.76,-0.865,-0.685,0.9777777777777777,61,61,61,0
-0.685,-0.76,-0.625,0.975,61,61,61,0
-0.625,-0.685,-0.575,0.9777777777777777,61,61,61,0
-0.575,-0.625,-0.76,0.9694444444444444,61,61,59,0
-0.76,-0.575,-0.285,1.0055555555555555,61,59,60,0
-0.285,-0.76,-0.285,0.9972222222222222,59,60,60,0
-0.285,-0.285,-0.59,0.9861111111111112,60,60,60,0
-0.59,-0.285,-0.815,0.9972222222222222,60,60,60,0
-0.815,-0.59,-0.875,0.9888888888888889,60,60,58,0
-0.875,-0.815,-0.775,1.0222222222222221,60,58,60,0
-0.775,-0.875,-0.415,0.9944444444444445,58,60,61,0
-0.415,-0.775,0.545,0.975,60,61,60,0
0.545,-0.415,0.055,0.9888888888888889,61,60,62,0
0.055,0.545,-0.795,0.9666666666666667,60,62,61,0
-0.795,0.055,-1.21,0.9777777777777777,62,61,61,0
-1.21,-0.795,-1.415,0.9722222222222222,61,61,61,0
-1.415,-1.21,-1.38,0.9694444444444444,61,61,61,0
-1.38,-1.415,-1.235,0.9805555555555555,61,61,61,0
-1.235,-1.38,-1.09,0.9805555555555555,61,61,62,0
-1.09,-1.235,-0.72,0.9583333333333334,61,62,62,0
-0.72,-1.09,-0.695,0.9611111111111111,62,62,60,0
-0.695,-0.72,-0.84,0.9916666666666667,62,60,61,0
-0.84,-0.695,-0.965,0.9694444444444444,60,61,64,0
-0.965,-0.84,-0.9,0.9305555555555556,61,64,63,0
-0.9,-0.965,-0.695,0.9472222222222222,64,63,64,0
-0.695,-0.9,-0.555,0.9333333333333333,63,64,65,0
-0.555,-0.695,-0.485,0.9138888888888889,64,65,63,0
-0.485,-0.555,0.02,0.9416666666666667,65,63,66,0
0.02,-0.485,-0.035,0.9083333333333333,63,66,66,0
-0.035,0.02,-0.445,0.9027777777777778,66,66,65,0
-0.445,-0.035,-1.075,0.9194444444444444,66,65,66,0
-1.075,-0.445,-1.34,0.9055555555555556,65,66,67,0
-1.34,-1.075,-1.49,0.8833333333333333,66,67,66,0
-1.49,-1.34,-1.47,0.8972222222222223,67,66,67,0
-1.47,-1.49,-1.475,0.8916666666666667,66,67,68,0
-1.475,-1.47,-1.46,0.8805555555555555,67,68,67,0
-1.46,-1.475,-1.59,0.8944444444444445,68,67,68,0
-1.59,-1.46,-1.58,0.875,67,68,70,0
-1.58,-1.59,-1.13,0.8555555555555555,68,70,69,0
-1.13,-1.58,-0.86,0.8694444444444445,70,69,67,0
-0.86,-1.13,-0.64,0.8861111111111111,69,67,70,0
-0.64,-0.86,-0.585,0.8472222222222222,67,70,71,0
-0.585,-0.64,-0.545,0.8388888888888889,70,71,69,0
-0.545,-0.585,-0.92,0.8638888888888889,71,69,70,0
-0.92,-0.545,-0.9,0.8472222222222222,69,70,130,0
-0.9,-0.92,-0.68,0.4583333333333333,70,130,157,0
-0.68,-0.9,-0.935,0.38055555555555554,130,157,71,5
-0.935,-0.68,-0.88,0.8444444444444444,157,71,72,0
-0.88,-0.935,-0.305,0.825,71,72,73,0
-0.305,-0.88,-0.15,0.8111111111111111,72,73,74,0
-0.15,-0.305,-0.265,0.8055555555555556,73,74,73,0
-0.265,-0.15,-0.55,0.8194444444444444,74,73,76,0
-0.55,-0.265,-0.405,0.7861111111111111,73,76,77,0
-0.405,-0.55,-0.36,0.7694444444444445,76,77,146,0
-0.36,-0.405,-0.265,0.4083333333333333,77,146,161,0
-0.265,-0.36,-0.185,0.37222222222222223,146,161,77,5
-0.185,-0.265,-2.555,0.7694444444444445,161,77,203,0
-2.555,-0.185,-2.23,0.29444444444444445,77,203,128,0
-2.23,-2.555,-1.49,0.4666666666666667,203,128,78,5
-1.49,-2.23,-0.88,0.7638888888888888,128,78,77,0
-0.88,-1.49,-0.605,0.7722222222222223,78,77,79,0
-0.605,-0.88,-0.44,0.7527777777777778,77,79,78,0
-0.44,-0.605,-0.645,0.7638888888888888,79,78,78,0
-0.645,-0.44,-0.705,0.7666666666666667,78,78,77,0
-0.705,-0.645,-0.82,0.775,78,77,78,0
-0.82,-0.705,-0.805,0.7611111111111111,77,78,78,0
-0.805,-0.82,-1.135,0.7666666666666667,78,78,80,0
-1.135,-0.805,-1.18,0.75,78,80,130,0
-1.18,-1.135,-0.86,0.46111111111111114,80,130,191,0
-0.86,-1.18,-0.995,0.3138888888888889,130,191,78,5
-0.995,-0.86,-0.83,0.7638888888888888,191,78,407,0
-0.83,-0.995,-0.46,0.14722222222222223,78,407,96,0
-0.46,-0.83,-0.655,0.625,407,96,76,5
-0.655,-0.46,-0.385,0.7861111111111111,96,76,77,0
-0.385,-0.655,-0.285,0.7694444444444445,76,77,77,0
-0.285,-0.385,-0.045,0.7777777777777778,77,77,78,0
-0.045,-0.285,-0.22,0.7666666666666667,77,78,76,0
-0.22,-0.045,-0.58,0.7888888888888889,78,76,77,0
-0.58,-0.22,-0.485,0.7694444444444445,76,77,77,0
-0.485,-0.58,0.685,0.7722222222222223,77,77,170,0
0.685,-0.485,1.24,0.3527777777777778,77,170,148,0
1.24,0.685,1.015,0.4027777777777778,170,148,78,5
1.015,1.24,0.275,0.7638888888888888,148,78,79,0
0.275,1.015,-0.48,0.7527777777777778,78,79,80,0
-0.48,0.275,-0.85,0.7416666666666667,79,80,79,0
-0.85,-0.48,-1.28,0.7527777777777778,80,79,80,0
-1.28,-0.85,-1.375,0.7444444444444445,79,80,81,0
-1.375,-1.28,-1.555,0.7333333333333333,80,81,82,0
-1.555,-1.375,-1.39,0.7277777777777777,81,82,79,0
-1.39,-1.555,-1.265,0.7583333333333333,82,79,81,0
-1.265,-1.39,-1.165,0.7333333333333333,79,81,80,0
-1.165,-1.265,-0.995,0.75,81,80,81,0
-0.995,-1.165,-1.08,0.7333333333333333,80,81,78,0
-1.08,-0.995,-1.155,0.7611111111111111,81,78,79,0
-1.155,-1.08,-1.105,0.7527777777777778,78,79,78,0
-1.105,-1.155,-0.98,0.7638888888888888,79,78,77,0
-0.98,-1.105,-0.93,0.7722222222222223,78,77,76,0
-0.93,-0.98,-0.995,0.7833333333333333,77,76,78,0
-0.995,-0.93,-1.07,0.7638888888888888,76,78,78,0
-1.07,-0.995,-0.965,0.7638888888888888,78,78,76,0
-0.965,-1.07,-0.885,0.7833333333333333,78,76,76,0
-0.885,-0.965,-0.96,0.7861111111111111,76,76,76,0
-0.96,-0.885,-1.17,0.7888888888888889,76,76,77,0
-1.17,-0.96,-1.0,0.7722222222222223,76,77,74,0
-1.0,-1.17,-1.085,0.8083333333333333,77,74,75,0
-1.085,-1.0,-1.115,0.7944444444444444,74,75,75,0
-1.115,-1.085,-1.12,0.7916666666666666,75,75,73,0
-1.12,-1.115,-1.285,0.8138888888888889,75,73,74,0
-1.285,-1.12,-0.92,0.8027777777777778,73,74,76,0
-0.92,-1.285,0.285,0.7861111111111111,74,76,75,0
0.285,-0.92,0.06,0.7916666666666666,76,75,73,0
0.06,0.285,-0.535,0.8111111111111111,75,73,77,0
-0.535,0.06,-1.09,0.7722222222222223,73,77,76,0
-1.09,-0.535,-1.295,0.7833333333333333,77,76,77,0
-1.295,-1.09,-1.475,0.7694444444444445,76,77,78,0
-1.475,-1.295,-1.455,0.7611111111111111,77,78,77,0
-1.455,-1.475,-1.225,0.7694444444444445,78,77,78,0
-1.225,-1.455,-0.78,0.7666666666666667,77,78,77,0
-0.78,-1.225,-0.61,0.7722222222222223,78,77,79,0
-0.61,-0.78,-0.875,0.7555555555555555,77,79,78,0
-0.875,-0.61,-0.995,0.7638888888888888,79,78,79,0
-0.995,-0.875,-1.125,0.7555555555555555,78,79,76,0
-1.125,-0.995,-0.875,0.7833333333333333,79,76,77,0
-0.875,-1.125,-0.68,0.7777777777777778,76,77,78,0
-0.68,-0.875,-0.765,0.7666666666666667,77,78,77,0
-0.765,-0.68,-0.68,0.7777777777777778,78,77,77,0
-0.68,-0.765,-0.75,0.775,77,77,77,0
-0.75,-0.68,-0.735,0.7777777777777778,77,77,76,0
-0.735,-0.75,-0.625,0.7805555555555556,77,76,75,0
-0.625,-0.735,-0.755,0.7944444444444444,76,75,77,0
-0.755,-0.625,-0.725,0.7722222222222223,75,77,77,0
-0.725,-0.755,-0.73,0.775,77,77,76,0
-0.73,-0.725,-0.86,0.7861111111111111,77,76,76,0
-0.86,-0.73,-0.585,0.7833333333333333,76,76,76,0
-0.585,-0.86,-0.705,0.7833333333333333,76,76,77,0
-0.705,-0.585,-0.665,0.7694444444444445,76,77,77,0
-0.665,-0.705,-0.52,0.775,77,77,77,0
-0.52,-0.665,-0.3,0.775,77,77,77,0
-0.3,-0.52,-0.3,0.7694444444444445,77,77,78,0
-0.3,-0.3,-0.405,0.7666666666666667,77,78,76,0
-0.405,-0.3,-0.68,0.7833333333333333,78,76,79,0
-0.68,-0.405,-0.825,0.7527777777777778,76,79,79,0
-0.825,-0.68,-0.845,0.7583333333333333,79,79,79,0
-0.845,-0.825,-0.82,0.7583333333333333,79,79,78,0
-0.82,-0.845,-1.025,0.7638888888888888,79,78,80,0
-1.025,-0.82,-1.02,0.7472222222222222,78,80,82,0
-1.02,-1.025,-0.7,0.7277777777777777,80,82,81,0
-0.7,-1.02,-0.535,0.7361111111111112,82,81,81,0
-0.535,-0.7,-0.395,0.7333333333333333,81,81,82,0
-0.395,-0.535,-0.29,0.7277777777777777,81,82,82,0
-0.29,-0.395,-0.395,0.7277777777777777,82,82,82,0
-0.395,-0.29,-0.65,0.7305555555555555,82,82,82,0
-0.65,-0.395,-0.945,0.725,82,82,82,0
-0.945,-0.65,-0.985,0.7305555555555555,82,82,84,0
-0.985,-0.945,-0.71,0.7111111111111111,82,84,79,0
-0.71,-0.985,-0.86,0.7527777777777778,84,79,84,0
-0.86,-0.71,-1.09,0.7138888888888889,79,84,81,0
-1.09,-0.86,-1.1,0.7388888888888889,84,81,83,0
-1.1,-1.09,-1.225,0.7166666666666667,81,83,79,0
-1.225,-1.1,-1.18,0.7555555555555555,83,79,80,0
-1.18,-1.225,-1.045,0.7416666666666667,79,80,80,0
-1.045,-1.18,-1.01,0.7472222222222222,80,80,79,0
-1.01,-1.045,-0.895,0.7555555555555555,80,79,77,0
-0.895,-1.01,-0.88,0.7722222222222223,79,77,78,0
-0.88,-0.895,-0.83,0.7638888888888888,77,78,80,0
-0.83,-0.88,0.02,0.7472222222222222,78,80,76,0
0.02,-0.83,-0.205,0.7833333333333333,80,76,77,0
-0.205,0.02,-0.305,0.7722222222222223,76,77,77,0
-0.305,-0.205,-0.675,0.7722222222222223,77,77,78,0
-0.675,-0.305,-0.75,0.7611111111111111,77,78,74,0
-0.75,-0.675,-0.835,0.8027777777777778,78,74,76,0
-0.835,-0.75,-0.86,0.7888888888888889,74,76,75,0
-0.86,-0.835,-0.835,0.8,76,75,74,0
-0.835,-0.86,-0.88,0.8083333333333333,75,74,74,0
-0.88,-0.835,-0.735,0.8055555555555556,74,74,75,0
-0.735,-0.88,-0.875,0.7972222222222223,74,75,75,0
-0.875,-0.735,-0.75,0.7916666666666666,75,75,73,0
-0.75,-0.875,-0.915,0.8194444444444444,75,73,77,0
-0.915,-0.75,-0.71,0.775,73,77,75,0
-0.71,-0.915,-0.805,0.7916666666666666,77,75,77,0
-0.805,-0.71,-0.605,0.7694444444444445,75,77,75,0
-0.605,-0.805,-0.695,0.7944444444444444,77,75,75,0
-0.695,-0.605,-0.83,0.7972222222222223,75,75,75,0
-0.83,-0.695,-0.615,0.7916666666666666,75,75,72,0
-0.615,-0.83,-0.52,0.825,75,72,76,0
-0.52,-0.615,-0.505,0.7888888888888889,72,76,73,0
-0.505,-0.52,-0.555,0.8138888888888889,76,73,73,0
-0.555,-0.505,-0.77,0.8166666666666667,73,73,71,0
-0.77,-0.555,-0.985,0.8361111111111111,73,71,72,0
-0.985,-0.77,-1.14,0.8277777777777777,71,72,75,0
-1.14,-0.985,-0.96,0.7972222222222223,72,75,553,0
-0.96,-1.14,-0.665,0.10833333333333334,75,553,86,0
-0.665,-0.96,-1.74,0.6972222222222222,553,86,72,5
-1.74,-0.665,-0.66,0.8277777777777777,86,72,74,0
-0.66,-1.74,-0.75,0.8027777777777778,72,74,72,0
-0.75,-0.66,-0.815,0.8333333333333334,74,72,189,0
-0.815,-0.75,-0.595,0.31666666666666665,72,189,116,0
-0.595,-0.815,-0.805,0.5138888888888888,189,116,72,5
-0.805,-0.595,-0.785,0.8333333333333334,116,72,72,0
-0.785,-0.805,-0.625,0.8333333333333334,72,72,69,0
-0.625,-0.785,-0.615,0.8611111111111112,72,69,71,0
-0.615,-0.625,-0.86,0.8416666666666667,69,71,72,0
-0.86,-0.615,-0.685,0.8305555555555556,71,72,72,0
-0.685,-0.86,-0.66,0.825,72,72,71,0
-0.66,-0.685,-0.635,0.8361111111111111,72,71,71,0
-0.635,-0.66,-0.82,0.8361111111111111,71,71,69,0
-0.82,-0.635,-0.85,0.8583333333333333,71,69,69,0
-0.85,-0.82,-0.88,0.8638888888888889,69,69,72,0
-0.88,-0.85,-0.715,0.8277777777777777,69,72,71,0
-0.715,-0.88,-0.89,0.8444444444444444,72,71,67,0
-0.89,-0.715,-0.95,0.8833333333333333,71,67,69,0
-0.95,-0.89,-0.965,0.8583333333333333,67,69,70,0
-0.965,-0.95,-0.73,0.8472222222222222,69,70,70,0
-0.73,-0.965,-0.715,0.85,70,70,70,0
-0.715,-0.73,-0.91,0.85,70,70,71,0
-0.91,-0.715,-0.96,0.8444444444444444,70,71,69,0
-0.96,-0.91,-1.095,0.8694444444444445,71,69,70,0
-1.095,-0.96,-1.045,0.8555555555555555,69,70,70,0
-1.045,-1.095,-0.895,0.8555555555555555,70,70,71,0
-0.895,-1.045,-0.74,0.8444444444444444,70,71,67,0
-0.74,-0.895,-0.895,0.8944444444444445,71,67,68,0
-0.895,-0.74,-1.0,0.8722222222222222,67,68,70,0
-1.0,-0.895,-1.195,0.85,68,70,70,0
-1.195,-1.0,-1.045,0.8555555555555555,70,70,69,0
-1.045,-1.195,-1.095,0.8666666666666667,70,69,68,0
-1.095,-1.045,-0.995,0.875,69,68,67,0
-0.995,-1.095,-0.875,0.8888888888888888,68,67,69,0
-0.875,-0.995,-0.695,0.8583333333333333,67,69,69,0
-0.695,-0.875,-0.725,0.8666666666666667,69,69,69,0
-0.725,-0.695,-0.79,0.8666666666666667,69,69,68,0
-0.79,-0.725,-0.775,0.8777777777777778,69,68,69,0
-0.775,-0.79,-0.66,0.8666666666666667,68,69,70,0
-0.66,-0.775,-0.795,0.8527777777777777,69,70,68,0
-0.795,-0.66,-1.08,0.8722222222222222,70,68,71,0
-1.08,-0.795,-1.07,0.8361111111111111,68,71,69,0
-1.07,-1.08,-1.05,0.8583333333333333,71,69,69,0
-1.05,-1.07,-0.845,0.8583333333333333,69,69,70,0
-0.845,-1.05,-0.735,0.8555555555555555,69,70,69,0
-0.735,-0.845,-0.71,0.8666666666666667,70,69,69,0
-0.71,-0.735,-0.83,0.8694444444444445,69,69,68,0
-0.83,-0.71,-0.995,0.8777777777777778,69,68,71,0
-0.995,-0.83,-0.925,0.8416666666666667,68,71,72,0
-0.925,-0.995,-0.86,0.8277777777777777,71,72,70,0
-0.86,-0.925,-0.91,0.8555555555555555,72,70,72,0
-0.91,-0.86,-0.915,0.8305555555555556,70,72,72,0
-0.915,-0.91,-0.715,0.8305555555555556,72,72,70,0
-0.715,-0.915,-0.77,0.85,72,70,71,0
-0.77,-0.715,-0.81,0.8388888888888889,70,71,71,0
-0.81,-0.77,-0.845,0.8361111111111111,71,71,70,0
-0.845,-0.81,-0.99,0.85,71,70,71,0
-0.99,-0.845,-0.87,0.8444444444444444,70,71,71,0
-0.87,-0.99,-0.95,0.8361111111111111,71,71,73,0
-0.95,-0.87,-0.78,0.8138888888888889,71,73,72,0
-0.78,-0.95,-0.845,0.8305555555555556,73,72,73,0
-0.845,-0.78,-0.905,0.8194444444444444,72,73,72,0
-0.905,-0.845,-0.81,0.8277777777777777,73,72,72,0
-0.81,-0.905,-0.805,0.8333333333333334,72,72,72,0
-0.805,-0.81,-1.02,0.8277777777777777,72,72,73,0
-1.02,-0.805,-0.81,0.8138888888888889,72,73,72,0
-0.81,-1.02,-0.79,0.825,73,72,70,0
-0.79,-0.81,-0.87,0.8555555555555555,72,70,71,0
-0.87,-0.79,-0.845,0.8388888888888889,70,71,72,0
-0.845,-0.87,-0.695,0.825,71,72,69,0
-0.695,-0.845,-0.895,0.8611111111111112,72,69,71,0
-0.895,-0.695,-1.04,0.8361111111111111,69,71,71,0
-1.04,-0.895,-1.145,0.8444444444444444,71,71,69,0
-1.145,-1.04,-0.985,0.8583333333333333,71,69,70,0
-0.985,-1.145,-0.77,0.85,69,70,70,0
-0.77,-0.985,-0.775,0.85,70,70,71,0
-0.775,-0.77,-0.595,0.8361111111111111,70,71,69,0
-0.595,-0.775,-0.67,0.8666666666666667,71,69,69,0
-0.67,-0.595,-0.85,0.8583333333333333,69,69,71,0
-0.85,-0.67,-0.88,0.8416666666666667,69,71,68,0
-0.88,-0.85,-1.025,0.8722222222222222,71,68,70,0
-1.025,-0.88,-1.14,0.8472222222222222,68,70,69,0
-1.14,-1.025,-0.965,0.8611111111111112,70,69,68,0
-0.965,-1.14,-1.02,0.8722222222222222,69,68,68,0
-1.02,-0.965,-0.85,0.875,68,68,69,0
-0.85,-1.02,-0.81,0.8611111111111112,68,69,67,0
-0.81,-0.85,-1.0,0.8888888888888888,69,67,68,0
-1.0,-0.81,-0.885,0.8805555555555555,67,68,68,0
-0.885,-1.0,-0.95,0.8722222222222222,68,68,70,0
-0.95,-0.885,-1.015,0.8472222222222222,68,70,69,0
-1.015,-0.95,-1.09,0.8611111111111112,70,69,70,0
-1.09,-1.015,-0.975,0.8472222222222222,69,70,70,0
-0.975,-1.09,-1.0,0.8472222222222222,70,70,71,0
-1.0,-0.975,-0.835,0.8444444444444444,70,71,72,0
-0.835,-1.0,-0.87,0.8333333333333334,71,72,71,0
-0.87,-0.835,-0.95,0.8416666666666667,72,71,69,0
-0.95,-0.87,-0.94,0.8583333333333333,71,69,70,0
-0.94,-0.95,-0.87,0.8555555555555555,69,70,69,0
-0.87,-0.94,-0.55,0.8638888888888889,70,69,70,0
-0.55,-0.87,-0.89,0.85,69,70,68,0
-0.89,-0.55,-0.96,0.8805555555555555,70,68,69,0
-0.96,-0.89,-1.16,0.8666666666666667,68,69,67,0
-1.16,-0.96,-1.165,0.8833333333333333,69,67,68,0
-1.165,-1.16,-1.18,0.8722222222222222,67,68,69,0
-1.18,-1.165,-1.075,0.8611111111111112,68,69,71,0
-1.075,-1.18,-0.875,0.8361111111111111,69,71,68,0
-0.875,-1.075,-0.965,0.8805555555555555,71,68,69,0
-0.965,-0.875,-0.915,0.8638888888888889,68,69,69,0
-0.915,-0.965,-0.94,0.8583333333333333,69,69,469,0
-0.94,-0.915,-0.47,0.12777777777777777,69,469,81,0
-0.47,-0.94,-0.885,0.7388888888888889,469,81,70,5
-0.885,-0.47,-0.925,0.8555555555555555,81,70,153,0
-0.925,-0.885,-0.48,0.39166666666666666,70,153,127,0
-0.48,-0.925,-0.71,0.4722222222222222,153,127,67,5
-0.71,-0.48,-0.625,0.8861111111111111,127,67,69,0
-0.625,-0.71,-0.57,0.8638888888888889,67,69,69,0
-0.57,-0.625,-0.81,0.8611111111111112,69,69,70,0
-0.81,-0.57,-0.88,0.85,69,70,69,0
-0.88,-0.81,-1.01,0.8694444444444445,70,69,70,0
-1.01,-0.88,-0.895,0.8555555555555555,69,70,72,0
-0.895,-1.01,-0.925,0.8333333333333334,70,72,71,0
-0.925,-0.895,-0.82,0.8388888888888889,72,71,71,0
-0.82,-0.925,-0.94,0.8388888888888889,71,71,70,0
-0.94,-0.82,-0.975,0.8472222222222222,71,70,71,0
-0.975,-0.94,-0.93,0.8444444444444444,70,71,69,0
-0.93,-0.975,-0.925,0.8583333333333333,71,69,72,0
-0.925,-0.93,-0.825,0.8333333333333334,69,72,72,0
-0.825,-0.925,-0.87,0.8333333333333334,72,72,69,0
-0.87,-0.825,-0.935,0.8694444444444445,72,69,71,0
-0.935,-0.87,-0.955,0.8361111111111111,69,71,75,0
-0.955,-0.935,-0.84,0.7944444444444444,71,75,76,0
-0.84,-0.955,-0.76,0.7805555555555556,75,76,72,0
-0.76,-0.84,-0.69,0.8222222222222222,76,72,74,0
-0.69,-0.76,-0.61,0.8027777777777778,72,74,74,0
-0.61,-0.69,-0.79,0.8027777777777778,74,74,74,0
-0.79,-0.61,-0.75,0.8083333333333333,74,74,75,0
-0.75,-0.79,-0.86,0.7944444444444444,74,75,75,0
-0.86,-0.75,-1.0,0.8,75,75,73,0
-1.0,-0.86,-0.925,0.8138888888888889,75,73,73,0
-0.925,-1.0,-0.805,0.8138888888888889,73,73,73,0
-0.805,-0.925,-0.92,0.8166666666666667,73,73,75,0
-0.92,-0.805,-0.93,0.7916666666666666,73,75,72,0
-0.93,-0.92,-0.73,0.8222222222222222,75,72,74,0
-0.73,-0.93,-0.81,0.8083333333333333,72,74,73,0
-0.81,-0.73,-0.81,0.8138888888888889,74,73,72,0
-0.81,-0.81,-0.78,0.8333333333333334,73,72,73,0
-0.78,-0.81,-0.695,0.8194444444444444,72,73,72,0
-0.695,-0.78,-0.885,0.8277777777777777,73,72,72,0
-0.885,-0.695,-0.885,0.8333333333333334,72,72,71,0
-0.885,-0.885,-0.895,0.8416666666666667,72,71,71,0
-0.895,-0.885,-0.88,0.8361111111111111,71,71,72,0
-0.88,-0.895,-0.785,0.8222222222222222,71,72,71,0
-0.785,-0.88,-0.91,0.8444444444444444,72,71,71,0
-0.91,-0.785,-0.79,0.8388888888888889,71,71,70,0
-0.79,-0.91,-0.685,0.8472222222222222,71,70,69,0
-0.685,-0.79,-0.67,0.8611111111111112,70,69,70,0
-0.67,-0.685,-0.65,0.8527777777777777,69,70,70,0
-0.65,-0.67,-0.72,0.85,70,70,70,0
-0.72,-0.65,-0.655,0.85,70,70,69,0
-0.655,-0.72,-0.71,0.8666666666666667,70,69,71,0
-0.71,-0.655,-0.785,0.8444444444444444,69,71,73,0
-0.785,-0.71,-0.615,0.8166666666666667,71,73,70,0
-0.615,-0.785,-0.855,0.85,73,70,72,0
-0.855,-0.615,-0.79,0.8277777777777777,70,72,74,0
-0.79,-0.855,-0.825,0.8055555555555556,72,74,72,0
-0.825,-0.79,-0.765,0.8305555555555556,74,72,72,0
-0.765,-0.825,-0.745,0.825,72,72,75,0
-0.745,-0.765,-0.695,0.7972222222222223,72,75,74,0
-0.695,-0.745,-0.82,0.8083333333333333,75,74,71,0
-0.82,-0.695,-0.65,0.8361111111111111,74,71,75,0
-0.65,-0.82,-0.725,0.7944444444444444,71,75,72,0
-0.725,-0.65,-0.74,0.8277777777777777,75,72,73,0
-0.74,-0.725,-0.675,0.8166666666666667,72,73,73,0
-0.675,-0.74,-0.69,0.8111111111111111,73,73,72,0
-0.69,-0.675,-0.75,0.8305555555555556,73,72,73,0
-0.75,-0.69,-0.855,0.8194444444444444,72,73,73,0
-0.855,-0.75,-0.83,0.8138888888888889,73,73,72,0
-0.83,-0.855,-0.905,0.8333333333333334,73,72,74,0
-0.905,-0.83,-0.79,0.8083333333333333,72,74,74,0
-0.79,-0.905,-0.84,0.8083333333333333,74,74,72,0
-0.84,-0.79,-0.915,0.8333333333333334,74,72,74,0
-0.915,-0.84,-0.84,0.8083333333333333,72,74,0,0
-0.84,-0.915,0.0,0.0,74,0,0,0
